;Afghanistan;Albania;Algeria;American Samoa;Andorra;Angola;Antigua and Barbuda;Argentina;Armenia;Aruba;Australia;Austria;Azerbaijan;Bahamas, The;Bahrain;Bangladesh;Barbados;Belarus;Belgium;Belize;Benin;Bermuda;Bhutan;Bolivia;Bosnia and Herzegovina;Botswana;Brazil;Brunei Darussalam;Bulgaria;Burkina Faso;Burundi;Cambodia;Cameroon;Canada;Cape Verde;Cayman Islands;Central African Republic;Chad;Channel Islands;Chile;China;Colombia;Comoros;Congo, Dem. Rep.;Congo, Rep.;Costa Rica;Côte d'Ivoire;Croatia;Cuba;Cyprus;Czech Republic;Denmark;Djibouti;Dominica;Dominican Republic;Ecuador;Egypt, Arab Rep.;El Salvador;Equatorial Guinea;Eritrea;Estonia;Ethiopia;Faeroe Islands;Fiji;Finland;France;French Polynesia;Gabon;Gambia, The;Georgia;Germany;Ghana;Gibraltar;Greece;Greenland;Grenada;Guam;Guatemala;Guinea;Guinea-Bissau;Guyana;Haiti;Honduras;Hong Kong, China;Hungary;Iceland;India;Indonesia;Iran, Islamic Rep.;Iraq;Ireland;Isle of Man;Israel;Italy;Jamaica;Japan;Jordan;Kazakhstan;Kenya;Kiribati;Korea, Dem. Rep.;Korea, Rep.;Kosovo;Kuwait;Kyrgyz Republic;Lao PDR;Latvia;Lebanon;Lesotho;Liberia;Libya;Liechtenstein;Lithuania;Luxembourg;Macao, China;Macedonia, FYR;Madagascar;Malawi;Malaysia;Maldives;Mali;Malta;Marshall Islands;Mauritania;Mauritius;Mayotte;Mexico;Micronesia, Fed. Sts.;Moldova;Monaco;Mongolia;Montenegro;Morocco;Mozambique;Myanmar;Namibia;Nepal;Netherlands;Netherlands Antilles;New Caledonia;New Zealand;Nicaragua;Niger;Nigeria;Northern Mariana Islands;Norway;Oman;Pakistan;Palau;Panama;Papua New Guinea;Paraguay;Peru;Philippines;Poland;Portugal;Puerto Rico;Qatar;Romania;Russian Federation;Rwanda;Samoa;San Marino;São Tomé and Principe;Saudi Arabia;Senegal;Serbia;Seychelles;Sierra Leone;Singapore;Slovak Republic;Slovenia;Solomon Islands;Somalia;South Africa;Spain;Sri Lanka;St. Kitts and Nevis;St. Lucia;St. Vincent and the Grenadines;Sudan;Suriname;Swaziland;Sweden;Switzerland;Syrian Arab Republic;Tajikistan;Tanzania;Thailand;Timor-Leste;Togo;Tonga;Trinidad and Tobago;Tunisia;Turkey;Turkmenistan;Turks and Caicos Islands;Tuvalu;Uganda;Ukraine;United Arab Emirates;United Kingdom;United States;Uruguay;Uzbekistan;Vanuatu;Venezuela, RB;Vietnam;Virgin Islands (U.S.);West Bank and Gaza;Yemen, Rep.;Zambia;Zimbabwe;Other South;Other North;TOTAL
Afghanistan;;;;;;;;;;;21 968;;;;;;;;1 059;;;;;3;;;;;;;;;;42 100;;0;0;;;26;;;;;;;;;;7;211;12 293;;;9;76;;;;;;;;;580;2 958;;;;;79 444;;;567;;;;;;0;;;;;606;;8 414;;1 704 199;;238;;;1 382;;710;;;;;;;;;;;;;;;;;22;1;;;;;;;;;;2;;;13;;;;;;;;;;;30 986;;;2 346;34;;;;4 516;;;;;;;6;973;162;3;;;;;;;;0;17 227;;;;;;168;;;;;483;;;;;;;;8 504;2 222;;56 816;;;;;;;;10 796;;;;;;;61 408;61 906;;;;9;;;;;;;215 649;;2 351 104
Albania;;;;;;;;;;;2 628;2 397;;;;;;;1 884;;;;;;63;;;;;;;;;11 985;;0;0;;;48;;;;;;;;;107;246;180;272;;;32;99;;;;;;;;;69;3 037;;;;;15 964;;;676 846;;;;;;;;;;;117;;;;;;467;;;522 647;;56;;;;;;;;;;;;;;;;;3;267;;91 128;;;;;;;;;;;12;;;;;;;;;;;711;;;118;40;;;;303;;;;21;;;15;725;62;58;;;;;;;;;;;;;;;28;195;;;;1 847;;;;;;;;652;1 688;;;;;;;;;;3 712;;;;;;;3 065;83 018;3;;;15;;;;;;;11 624;;1 438 451
Algeria;;;;;;;;;;;1 261;734;;;2 311;;;;21 550;;;;;13;;;;;;;;;;37 543;;0;9;;;77;;;;;;;;;;33;330;1 187;;;95;66;1 246;;;;;;;;769;913 794;;;;;21 081;;;378;;;;;;;;;3;;610;53;;;;290;1 945;;47 199;29 480;;155;2 827;;;;;;;;;;;;;;;;3;405;;;3 586;;;;615;;;2 744;;;131;;;;;;;;;;;3 833;;;135;62;;;;1 216;;;;18;;;14;674;529;267;;;;;;;;;;;;;;;75;;;;;63 346;;;;;419;;;2 223;6 748;;;;;;;;;12 176;726;;;;;;;15 612;7 306;14;;;72;;;;;;;3 133;;1 211 118
American Samoa;;;;;;;;;;;209;;;;;;;;;;;;;;;;;;;;;;;50;;0;0;;;;;;;;;;;;;2;24;;;;0;;;;;;;;;165;;1;;;;;;;;3;;;3;;;;;;;;;0;;;;;;;;;;;;;;110;;;;;;;;;;;;;;;;;;;;;;;;;;;;;;;;;;;;;;2;;;550;0;;;;3;;;;0;;;;;;;;;;;;3 003;;0;;;;;;;7;;;;;;;;;;;;;;;;;;;;;;;;0;;;;;;;40;41 101;;;;1;;;;;;;397;;45 671
Andorra;;;;;;;;;;;15;1;;;;;;;43;;;;;;;;;;;;;;;19;;3;0;;;15;;;;;;;;;;0;15;1;;;0;;;;;;;;;;2;1 403;;;;;72;;;6;;;;;;;;;;;3;;;;;;2;;;14;;1;;;;;;;;;;;;;;;;;;2;;;;;;;;;;;;;4;;;;;;;;;;;7;;;3;;;;;4;;;;4;;;4;;;592;;;;;;;;;;;;;;;;;;;;6 171;;;;;;;;1;27;;;438;;;;;;;9;;;;;;;46;98;2;;;4;;;;;;;58;162;9 253
Angola;;;;;;;;;;;526;;;;;;;;3 041;;;;;7;;;6 379;;;;;;;3 545;2 393;3;62;;;101;;;;;10 573;;;;;0;136;157;;;27;59;;;;;;;;;192;18 906;;;;;11 742;;;18;;;;;;;;;;;41;;;;;;1 319;;;2 121;;7;;;;;;;;;;;;;1;;;;;423;;;;;;;;;;;;;49;;;;;;;;;67 540;;6 552;;;26;11;;;;189;;;;19;;;7;3 141;29;245 650;;;;;;;;1 843;;;;;;;76;;;;;4 646;;;;;;;;619;4 773;;;3 063;;;;;;;2;;;;;;;11 449;5 637;9;;;118;;;;;93 496;;22 868;;533 593
Antigua and Barbuda;;;;;;;;;;;33;;;7;;;;;3;1;;;;;;;;;;;;;;2 724;;3;0;;;;;;;;;;;;;0;5;1;;401;397;20;;;;;;;;;2;36;;;;;24;;;11;;;;;;0;;;;;;;;;;;9;;;44;;5;;;;;;;;;;;;;;;;;;2;;;;;;;;;;;;;15;;;;;;;;;;;30;1 239;;7;;;;;3;;;;1;;;14;7 495;1;0;;;;;;;;0;;;;;;;;;;;;16;;188;205;65;;;;10;27;;;;;;;;;;0;;;;;;;5 154;17 611;;;;2;;5 293;;;;;1 066;;42 170
Argentina;;;;;224;;;;;;14 190;1 166;;8;;;;;1 835;5;;;;45 424;;;27 700;;;;;;;21 094;;18;0;;;82 539;;2 570;;;;;;211;164;75;312;1 302;;;3 940;7 394;;207;;;;;;;270;11 151;;;;;7 391;;;415;;;;432;;0;;52;118;;249;41;;;;;546;;48 312;16 243;;3 893;;;;;;;;;;;;;;;;;46;139;;;;;;;;;;114;;;9 508;;;;;;;;;;;2 644;53;;994;227;;;;826;;;;1 154;;59 115;2 997;818;189;1 465;;;;;;;;0;;;;;;;115;;;;;331 173;;;;;;;;3 220;5 706;;;;;;;;;;158;;;;;;;9 002;163 353;22 743;;;8 533;;;;;;;33 407;;957 190
Armenia;;;;;;;;46;;;1 156;589;42 596;;;;;6 074;1 153;;;;;2;;;;;;;;2;;2 555;;0;0;;;17;;;;;12;;;;;1 037;931;744;;;9;53;;;;;;;;;148;14 481;;;;17 769;15 515;;;8 769;;;;;;;;;;;75;;;;1 375;;135;;16 509;554;;32;;7 357;;;;;;;;;3 164;;;;;;431;7;;;;;;;;;;2;;;76;;;;;;;;;;;1 912;;;36;;;;;167;;;;6;;;1;;1 941;78;;;;493 126;;;;0;;;;;;;164;;;;;12 388;0;;;;;;;888;474;;;;;;;;;;891;7 248;;;;53 193;;789;77 208;215;;;28;;;;;;;76 329;;870 458
Aruba;;;;;;;4;;;;53;;;;;;;;;;;;;7;;;;;;;;;;819;;0;0;;;5;;248;;;;;;;;0;1;;;;492;;;;;;;;;;;11;;;;;;;;37;;;;;;0;;;;;3;0;;;;;11;;;;;;;;;;;;;;;;;;;;;;;1;;;;;;;;;;;;;12;;;;;;;;;;;1 032;3 777;;12;;;;;12;;;;15;;;;84;;18;;;;;;;;0;;;;;;;;;;;;;;;31;;;;;;;;;;;;;;;;4;;;;;;;;6 249;;;;387;;;;;;;156;228;13 709
Australia;;;;;59;;5;;;;;2 203;;60;;;32;;1 515;14;;;;127;;;449;530;;;;548;;21 140;;97;0;;;1 607;;177;;;;;;932;;2 631;232;1 764;;;108;515;260;;;;;;;1 770;1 126;4 803;;;;;14 014;;;1 904;;;;55;;;;;5;;846;146;691;;;;9 674;;;2 716;;11 160;2 054;;;;;2 509;;;;;;;;;;;12;115;;;;;6 903;;;2 450;149;;431;;408;;;;;;;;;;2 077;9 984;;;68 629;31;;1 087;;1 601;;;;74;15 531;25;86;2 983;580;1 681;;;;;;632;;0;;;;;;;331;;589;;2 643;6 191;436;;;;;;;3 060;3 838;;;;4 239;238;;;;;3 292;;;;226;;;121 775;77 619;261;;254;109;;;;;207;;6 211;7 166;442 632
Austria;;;;;;;;;;;21 968;;;20;;;;;4 222;14;;;;223;;;3 232;;;;;;;24 208;;62;0;;;901;;167;;;;;;1 808;;311;7 433;1 627;;;1 440;750;262;;;;;;;;536;13 865;;;;;280 520;;;2 522;;;;;;;;;11;;6 651;152;;;;;914;;4 318;8 594;;579;955;;;;;;;;;;;;;;;2 222;27;746;;;;;;;;;;;;;732;;;;;;;;;;;6 475;;;1 464;66;;;;1 513;;;;81;;132;150;2 064;4 133;551;;;;;;;;;;;;;;;2 441;833;;;;10 672;;;;;;;;7 232;61 293;;;;;;;;;;16 060;;;;;;;21 857;53 738;223;;;722;;;;;;;3 415;10 532;597 639
Azerbaijan;;;;;;;;99;164 483;;315;196;;;;;;3 792;111;;;;;3;;;;;;;;5;;2 631;;0;0;;;;;;;;24;;;;;33;186;188;;;0;3;;;;;;;;;69;350;;;;7 819;23 265;;;156;;;;;;;;;;;19;;;;2 155;;112;;35 101;254;;48;;38 921;;;;;;;;;5 212;;;;;;849;5;;;;;;;;;;2;;;22;;;;;;;;;;;2 821;;;59;;;;;221;;;;1;;;3;;358;16;;;;866 843;;;;0;;;;;;;39;;;;;569;1;;;;;;;541;152;;;;;;;;;;18 807;7 895;;;;92 536;;751;9 689;1;;;;;;;;;;145 784;;1 433 513
Bahamas, The;;;;;;;2;;;;315;;;;;;71;;15;1;;;;;;;;;;;;;;1 129;;223;0;;;;;;;;;;;;;2;0;12;;;135;66;;;;;;;;;5;65;;;;;94;;;20;;;;;;0;;;;;21;;;;;;85;;;12;;101;;;;;;;;;;;;;;;;;;8;;;;;;;;;;;;;15;;;;;;;;;;;53;170;;53;;;;;13;;;;49;;1;6;;3;41;;;;;;;;0;;;;;;;1;;;;;105;;;39;;;;;25;97;;;;;;;;;;8;;;;;;;2 380;37 796;1;;;5;;;;;;;40;814;44 098
Bahrain;;;;;;;0;;;;1 261;;;;;;;;44;;;;;2;;;;;;;;;;1 851;;6;0;;;;;;;;;;;;;97;25;126;;;32;;336;;;;;;;;5;84;;;;;81;;;4;;;;;;;;;;;5;;;;;;389;;;13;;15;3 494;;;;;;;;;;;;;;;;;1;;;;;;;;;;;;;;;;;;;;;;;;109;;;318;;;;;28;;;;4;;;3;10 435;1;25;;;;;;;;0;;;;;;;60;;;;;70;;;;;168;;;61;100;;;;;;;;;;25;;;;;;;5 543;3 183;1;;;;;;;;;;1 755;256;30 015
Bangladesh;;;;;;;;;;;20 497;1 763;;;;;;;1 208;1;;;;25;;;;1 334;;;;;;38 684;;9;0;;;12;;;;;;;;;;574;33;525;;;5;7;433;;;;;;;576;709;1 912;;;;;7 093;;;4 556;;;;;;0;;;;;27;;3 299 268;;;;2 873;;;71 830;;11 385;56 978;;;;;5 227;;208 893;;;;;;;;;1;39;;;32;;122 912;;;;;14;;;15;;;;;;;;1 230;;641;1 027;;;1 572;;;;1 107;774;149 275;;;21;;;4;939;45;371;;;;;;;;0;447 055;;;;;20 432;77;;;;;8 706;;;;;;;;4 110;925;;;;5 180;;;;;;370;;;;;;100 668;210 244;148 326;;;;5;;;;;;;422 325;;5 384 875
Barbados;;;;;;;223;;;;420;;;100;;;;;33;15;;;;;;;;;;;;;;17 840;;247;0;;;7;;;;;;;;;;0;14;29;;;41;17;;;;;;;;;14;50;;;;;274;;;6;;;;1;;0;295;17;1;;3;;;;;;54;;;27;;65;;;;;;;;;;;;;;;;;;4;;;;;;;;;;;;;1;;;;;;;;;;;71;549;;180;;;;;31;;;;72;;1;11;;1;27;;;;;;;;0;;;;;;;;;;;;86;;;1 220;532;;;;128;56;;;;;;;;1 294;;3;;;;;;;28 612;50 229;1;;;62;;;;;;;305;1 904;105 174
Belarus;;;;;;;;139;;;1 472;554;;;;;;;541;;;;;7;;;;;;;;5;;8 463;;0;0;;;12;;;;;33;;;;;298;1 321;560;;;14;17;264;;;;10 765;;;;256;1 078;;;;310;29 134;;;541;;;;;;;;;;;48;2;;;;;1 148;;49 204;5 546;;269;;55 623;;;;;;;;;11 488;;;;;;35 502;51;;;;;;;;;;4;;;3;;2 631;;;;;;;;;515;;;187;;;;;320;;;;10;;;3;;112 197;186;;;;958 719;;;;0;;;;;;;194;;;;;3 829;1;;;;;;;1 303;178;;;;;;;;;;337;;;;;276 070;;1 546;32 007;5;;;;;;;;;;160 969;;1 765 877
Belgium;;;;;331;;;;;;6 412;1 990;;19;;;;;;5;;;;496;;;1 416;;;;;;;23 533;;18;0;;;1 441;;349;;;;;;;;230;763;1 086;;;731;1 172;234;;;;;;;;354;137 974;;535;;;35 982;;;855;;;;;204;;;;16;;1 141;177;;;;;1 873;;;7 559;;706;;;;;;;;;;;;;;;;14;16;17 665;;;95;;;;;;;107;;;1 081;;;716;;;;;;;;47 940;;;758;65;;;;1 319;;;;65;;109;253;1 057;2 626;4 060;;;;;2 450;;;;;;;;;;553;62;;;;53 684;;;;;;;;1 643;12 051;;;;;;;;;;9 804;;;;;;;22 898;34 635;172;;;344;;;;;;;2 689;7 994;454 522
Belize;;;;;;;10;;;;105;;;12;;;;;15;;;;;1 574;;;;;;;;;;2 421;;423;0;;;3;;;;;;172;;;;2;3;8;;;86;7;;325;;;;;;;3;8;;;;;53;;;4;;;;714;;0;;23;225;;1;;;;;;13;;;18;;5;;;;;;;;;;;;;;;;;;;;;;;;;;;;;;;1 593;;;;;;;;;;;17;;;13;74;;;;4;;;;128;;0;7;;1;4;;;;;;;;0;;;;;;;;;;;;60;;;;;;;;6;15;;;;;;;;;;2;;;;;;;1 633;39 840;1;;;12;;;;;;;600;;50 245
Benin;;;;;;;;;;;27;;;;;;;;559;;;;;;;;;;;6 513;;;;517;;0;205;;;2;;;;;5 624;;62 371;;;7;28;39;;;27;3;;;;;;;;;2;17 163;;32 173;;;1 889;;;4;;;;;2 310;;;;;;20;;;;;;38;;;2 768;;31;;;;;;;;;;;;;;270;;;;13;;;;;;;577;;;929;;;;;;;;;;;;;;244;;;7;;27 691;238 561;;10;;;;1;;;;;7;37;;;;;;;;;;;;;;;12;;;;;492;;;;;;;;30;221;;;;;;74 336;;;;4;;;;;;;317;1 415;;;;;;;;;;;54 669;;532 166
Bermuda;;;;;;;10;;;;420;;;12;;;;;21;;;;;;;;;;;;;;;2 253;;41;0;;;5;;;;;;;;;;2;3;;;;14;10;;;;;;;;;;82;;;;;;;;1;;;;;;0;;;;;1;0;;;;;184;;;;;;;;;;;;;;;;;;;;;;;4;;;;;;;;;;;;;;;;;;;;;;;;22;;;210;;;;;15;;;;4;;0;;;;324;;;;;;;;0;;;;;;;1;;;;;;;;8;;;;;6;;;;;;;;;;;0;;;;;;;3 955;7 774;;;;;;;;;;;6;291;15 679
Bhutan;;;;;;;;;;;210;;;;;;;;104;;;;;;;;;;;;;;;38;;0;0;;;;;;;;;;;;;0;0;17;;;14;;;;;;;;;;;272;;;;;557;;;6;;;;;;0;;;;;4;;6 915;;;;7;;;20;;71;;;;;;;;;;;;;;;;;;;;;;;;;;;;;;;;;;;;;;;;;31 053;93;;;16;;;;;26;;;;7;;;2;;1;1;;;;;;;;0;;;;;;;;;;;;;;;;;;;;16;74;;;;;;;;;;1;;;;;;;114;420;;;;;;;;;;;4 599;;44 659
Bolivia;;;;;;;;220 869;;;841;;;;;;;;965;44;;;;;;;20 513;;;;;;;4 383;;6;0;;;18 707;;658;;;;;;;;11;48;275;;;542;2 094;;;;;;;;;89;1 346;;;;;2 565;;;9;;;;106;;0;;23;91;;55;;;;;;36;;;7 858;;6 580;;;;;;;;;;;;;;;;;1;13;;;;;;;;;;;;;2 000;;;;;;;;;;;670;;;151;59;;;;454;;;;274;;996;2 314;662;27;73;;;;;;;;0;;;;;;;9;;;;;274 602;;;;;;;;3 075;1 430;;;;;;;;;;10;;;;;;;1 514;72 890;326;;;1 798;;;;;;;32 938;;684 998
Bosnia and Herzegovina;;;;;;;;586;;;39 732;162 362;;;;;;;63;;;;;;;;675;;;;;;;33 445;;0;0;;;19;;;;;;;;532 528;;61;1 457;22 977;;;9;13;;;;;;;;;2 891;14 749;;;;;252 262;;;444;;;;;;;;;;;90;339;;;;;2 377;;;35 571;;26;;;;;;;;;;;;;;;;316;;2 081;;3 046;;;;;;;;;;;27;;;;;;;;;;;611;;;532;;;;;17 181;;;;7;;;11;;3 487;63;;;;;;;;;;;;;;;358;82 669;;;;2 344;;;;;;;;59 264;52 078;;;;;;;;;;2 653;;;;;;;8 864;121 495;6;;;15;;;;;;;856;;1 460 639
Botswana;;;;;;;;;;;1 156;;;;;;;;28;3;;;;;;;;;;;;;;252;;3;;;;;;;;;;;;;;9;2;71;;;0;7;;;;;;;;;5;195;;;;;149;;;3;;;;;;;;;;;2;;;;;;272;;;14;;10;;;;;;;;;;;;;86;;;;;;;;;;;;;;;;;;;;;;;;;;;2 741;;211;;;138;;;;;135;;;;1;;;1;;;48;;;;;;;;;;;;;;;;;;;41 846;35;;;;;;;;68;26;;;398;;;;;;;15;;;;;;;2 717;1 922;;;;;;;;;275;4 244;6 006;;63 092
Brazil;;;;;;;;32 839;;;10 511;3 557;;43;;;;;5 444;12;;;;24 189;;;;;;;;;;17 607;142;88;0;;;11 820;;1 878;;;;;;127;;54;116;2 166;;;1 417;3 636;;232;;;;;;;496;28 560;;;;;38 079;;;1 258;;;;187;244;0;1 467;64;146;;218;59;;;;;6 968;;;49 213;;320 624;872;;;;;;;;;;;;;;;;42;669;;;;;;;;;;272;;;3 380;;;;;;;;;;;11 908;;;1 926;170;;;;2 374;;;;1 164;;76 315;1 816;5 162;261;70 350;;;;;;;;0;;;;;;;116;;;;;162 205;;;8;;;6 783;;4 877;16 820;;;;;;;;;;385;;;;;;;57 245;339 141;11 712;;;4 720;;;;;;;23 131;;1 367 287
Brunei Darussalam;;;;;;;;;;;3 153;;;;;;;;19;;;;;;;;;;;;;;;5 151;;0;0;;;;;;;;;;;;;4;0;5;;;0;;;;;;;;;;;48;;;;;59;;;;;;;1;;0;;;;;1;;;;;;52;;;;;30;;;;;;;;;;;;;;;;;;;;;;;7 905;;;;;;;;1;;;;;;;;;;;583;;;312;;;;;31;;;;;;;5;1 003;;0;;;;;;;;0;;;;;;;1;;;;;38;;;;;;;;2;43;;;;;;;;;;11;;;;;;;3 685;853;;;;1;;;;;;;1 081;267;24 343
Bulgaria;;;;;;;;;;;3 469;9 199;;;;;;;3 097;;;;;27;;;284;;;;;;;18 568;;0;0;;;168;;;;;;;;;131;5 434;4 736;1 358;;;533;267;;;;;;;;;860;16 493;;;;1 200;74 675;;;53 973;;;;;;;;;;;1 646;173;;;;;1 364;;14 568;43 530;;464;;3 430;;;;;;;;;;;;;;;18;200;;;;;;;;;;;;;322;;42 871;;;;;;;;;7 639;;;811;108;;;;1 504;;;;99;;;42;1 319;2 063;886;;;19 752;;;;;;;;;;;;1 093;206;;;;173 255;;;;;;;;4 636;3 086;;;;;;;;;;538 686;;;;;;;35 388;33 611;71;;;109;;;;;;;73 776;;1 201 191
Burkina Faso;;;;;;;;;;;23;;;;;;;;524;;10 606;;;;;;;;;;;;;441;;0;98;;;;;;;;;;1 310 892;;;0;6;39;;;0;7;;;;;;;;;2;5 324;;3 767;;;3 675;;;4;;;;;472;;;;;;5;;;;;;13;;;11 651;;13;;;;;;;;;;;;;;;;;;7;;;;;;;22 365;;;;;;3;;;;;;;;;;;309;;;3;;29 881;8 307;;15;;;;1;;;5;;3;3;;;;;;;;;;;;;;;1;;;;;708;;;;;;;;53;261;;;;;;;;;;6;;;;;;;131;810;;;;;;;;;;;167 834;;1 578 271
Burundi;;;;;;;;;;;1 261;;;;;;;;4 991;;;;;2;;;;;;;;;;4 860;;0;27;;;2;;;;;;;;;;4;1;391;;;5;;;;;;;;;;10;1 370;;;;;740;;;40;;;;;;;;;;;2;;;;;;90;;;653;;15;;;;;;;;;;;;;;;;;;37;;;;;;;;;;;;;3;;;;;;;;;;;2 698;;;128;;;;;180;;;;1;;;1;;3;21;;;;;44 785;;;;;;;;;;4;;;;;121;;;;;;;;515;388;;;151 313;;;;;;;3;;;;101 826;;;2 678;1 187;;;;;;;;;;;36 071;;356 427
Cambodia;;;;;;;;;;;30 167;797;;;;;;;1 456;;;;;2;;;;;;;;;;23 504;;0;0;;;7;;;;;;;;;;2;16;180;;;176;26;;;;;;;;;170;69 859;;;;;1 279;;;7;;;;;;0;;;;;52;;;;;;16;;;376;;2 503;;;;;;3 053;;;;909;;;;;;;;28;;;;;;;;;;;;;3;;;;;;;;;;;663;;;6 402;;;;;273;;;;15;;;1;232;23;3;;;;;;;;0;;;;;;;8;;;;;114;;;;;;;;430;2 073;;;;49 750;;;;;;8;;;;;;;935;148 774;3;;;;;;;;;;6 190;;350 485
Cameroon;;;;;;;;;;;210;;;;;;;;3 209;;;;;3;;;;;;;;;;3 597;;0;6 993;48 547;;7;;;;;3 135;;;;;51;6;255;;;5;63;;;2 067;;;;;;48;68 250;;33 876;;;15 559;;;172;;;;;;;;;;;67;;;;;;586;;;9 024;;264;;;;;;;;;;;;;;;;;;105;;;;;;;630;;;663;;;6;;;;;;;;;;;1 752;;;23;2;;25 296;;451;;;;;;;2;;11;82;;;;;;;;;;;;;;;4;;;;;5 517;;;;;;;;311;2 842;;;;;;;;;;18;;;;;;;4 282;26 912;;;;4;;;;;43;;14 441;;279 388
Canada;;;;;;;321;;;;40 994;2 167;;1 248;;;870;;5 527;606;;2 888;;2 741;;;1 261;;;;;205;;7 130;;1 612;0;;;3 161;;791;;;;;;511;;1 329;495;3 687;;;5 312;3 207;988;235;;;;;;;1 559;19 174;;443;;;21 311;;;683;;;;309;292;0;276;;216;;1 546;416;1 709;;;;6 708;;;3 138;1 388;11 591;2 683;;;;;8 683;;;;;;;;;;;37;365;;;133;;;;;960;;89;147;;8 401;;;;;;;;;;;8 906;200;;9 838;227;;;;3 331;;;;637;;995;409;2 331;1 414;10 330;;;;;;22;;0;;;;;;1 187;488;;;;;6 429;;;709;366;;;;2 995;8 438;;;670;2 411;;;;;;1 599;;;;448;;;78 061;834 945;336;;;926;;;;;396;;5 742;21 068;1 185 392
Cape Verde;;;;;;13 219;;;;;33;;;;;;;;524;1;;;;3;;;;;;;;;;409;;0;11;;;2;;;;;;;309;;;0;13;24;;;5;;;;;;;;;;9;23 197;;;;;754;;;28;;;;;;436;;;;;3;;;;;;9;;;5 828;;1;;;;;;;;;;;;;;;;;;2 894;;;;;;;;;;;;;1;;;;;;;20 702;;;;11 467;;;3;;;4 259;;349;;;;1;;;;14;;63 403;;;;;;;;1 402;;9 315;;;;;;;;;;4 841;;;;;;;;383;1 373;;;;;;;;;;0;;;;;;;434;20 855;;;;3;;;;;;;6 014;;192 531
Cayman Islands;;;;;;;;;;;14;;;8;;;;;1;;;;;;;;;;;;;;;176;;;0;;;2;;;;;;;;;;0;4;;;;18;;;;;;;;;;;;;;;;;;;14;;;;;;0;;;56;;;0;;;;;74;;;;;;;;;;;;;;;;;;;;;;;;;;;;;;;;;;;;16;;;;;;;;;;;9;;;8;;;;;1;;;;12;;;;;;0;;;;;;;;0;;;;;;;;;;;;;;;8;;;;;;;;;;;;;;;;2;;;;;;;489;2 787;;;;1;;150;;;;;14;71;3 935
Central African Republic;;;;;;;;;;;8;;;;;;;;209;22;;;;;;;;;;;;;;233;;0;;88 978;;5;;;;;10 567;;;;;14;3;5;;;9;3;;;;;;;;;3;13 945;;;;;164;;;38;;;;;;;;;;;8;;;;;;2;;;228;;11;;;;;;;;;;;;;;;;;;11;;;;;;;301;;;;;;;;;;;;;;;;;970;;;7;;;;;3;;;;7;;;;;1;179;;;;;;;;;;;;;;;4;;;;;200;;;;;166;;;32;154;;;;;;;;;;7;;;;;;;413;371;;;;;;;;;;;12 113;;129 394
Chad;;;;;;;;;;;45;;;;;;;;283;;;;;2;;;;;;;;;71 134;813;;0;40 683;;;33;;;;;3 627;;;;;0;8;9;;;5;;298;;;;;;;;5;5 036;;;;;432;;;17;;;;;;;;;;;3;;;;;;7;;;173;;5;;;;;;;;;;;;;;;;;;6;;;;;;;;;;91;;;1;;;;;;;;;;;89;;;10;;;27 442;;9;;;;1;;;1;;;25;;;;;;;;;11 231;;;;;;5;;;;;165;;;;;56 660;;;45;200;;;;;;;;;;6;;;;;;;242;488;;;;;;;;;;;24 209;;243 544
Channel Islands;;;;;;;;;;;;;;;;;;;;;;;;;;;;;;;;;;;;;;;;;;;;;;;;;;;;;;;;;;;;;;;;;;;;;;;;;;;;;;;;;;;;;;;;;;;;;;;;;;;;;;;;;;;;;;;;;;;;;;;;;;;;;;;;;;;;;;;;;;;;;;;;;;;;;;;;;;;;;;;;;;;;;;;;;;;;;;;;;;;;;;;;;;;;;;;;;;;;;;;;;;;;;;;;;;;;;;0;0;0
Chile;;;;;82;;;200 969;;;28 906;1 099;;;;;;;4 859;12;;;;6 979;;;17 236;;;;;;;30 855;;0;0;;;;;1 627;;;;;;107;173;42;29;1 751;;;2 821;15 528;;220;;;;;;;374;14 615;;;;;9 641;;;401;;;;236;;0;;70;191;;258;138;;;;;355;;;4 624;;738;;;;;;;;;;;;;;;;;1;152;;;;;;;;;;47;;;5 665;;;;;;;;;;;3 042;;;1 506;177;;;;8 354;;;;1 536;;2 192;3 348;135;25;268;;;;;;;;0;;;;;;;13;;;;;76 268;;;;;;;;29 805;5 968;;;;;;;;;;50;;;;;;;6 796;93 382;1 495;;;15 414;;;;;;;33 426;;634 001
China;;;;191;;;10;3 958;;;295 364;8 886;;86;;;;;15 436;1 213;;;770;894;;;10 364;3 055;;;;7 239;;543 573;;9;0;;;2 832;;1 637;;;48;;;;290;1 404;1 224;9 572;;;2 740;4 009;1 047;248;;;;;;;5 870;87 156;;1 853;;600;124 563;;;4 669;;;2 887;477;;0;793;;369;2 224 503;4 859;408;25 631;76 913;;;16 460;;;203 519;;613 890;76 221;1 740;;;;281 685;;;;1 695;;;;;;;87;1 212;246 441;;3 417;;125 584;;;;33;270;15 874;;2 657;;;;2 475;;;;40 722;;10 905;37 095;;;85 447;68;;;19 232;6 971;;;;13 402;368;812;2 683;43 672;785;3 225;;;2 138;;;114;;0;;;;;;497 929;1 034;;396;;;144 205;316;;8;;547;4 257;;17 034;8 444;;;;376 487;;;27;;;1 657;;;;;;;100 959;1 736 314;20;;;9 300;;;;;418;;106 831;;8 344 726
Colombia;;;;;;;;;;11 604;7 568;;;31;;;;;3 967;27;;;;2 086;;;4 185;;;;;;;45 569;;279;0;;;7 019;;;;;;;;;155;109;74;2 959;;;7 005;170 255;;554;;;;;;;718;24 806;;;;;14 253;;;328;;;;901;;0;;134;536;;95;130;;;;;261;;;23 262;;2 881;;;;;;;;;;;;;;;;;8;200;;;;;;;;;;;;;8 957;;;;;;;;;;;12 259;3 037;;427;365;;;;5 565;;;;31 070;;297;1 708;70;61;515;;;;;;;;0;;;;;;;41;;;;;375 710;;;;;;;;9 901;6 398;;;;;;;;;;54;;;;;;;16 333;611 971;314;;;604 514;;;;;;;101 713;;2 123 237
Comoros;;;;;;;;;;;27;;;;44;;;;75;1;;;;;;;;;;;;;;69;;3;;;;2;;;;;;;;;;0;2;16;;;0;;1 491;;;;;;;;3;26 951;;;;;78;;;;;;;;;;;;;;;;;;;;;;;13;;2;;;;;;;;;;;;;;;;;;1;;;6 692;;;;;;;;;;6;;;;;;;;;;;16;;;;;;;;4;;;;4;;;2;;1;4;;;;;;;;;;;;;;;;;;;;16;;;;;;;;6;19;;;1 671;;;;;;;2;;;;;;;82;141;;;;;;;;;;;1 195;;38 641
Congo, Dem. Rep.;;;;;;5 564;;;;;1 261;;;;;;;;76 870;;;;;3;;;;;;;14 881;;;16 443;;0;21 110;;;24;;;;;78 458;;;;;0;33;;;;5;3;;;;;;;;;565;61 948;;;;;21 446;;;173;;;;;;;;;;;6;;;;;;2 979;;;650;;262;;;;;;;;;;;;;;;;;;688;;;;;;;;;;59;;;15;;;;;;;;;;;3 515;;;95;26;;;;;;;;1;;;6;;36;2 280;;;;;372 964;;;;;;;;;;25;;;;;1 625;;;;;2 344;;;1 486;1 020;;;;;;;;;;0;;;;85 476;;;11 350;7 386;2;;;;;;;;45 830;;75 875;;914 787
Congo, Rep.;;;;;;1 520;;;;;736;;;;;;;;4 286;;;;;7;;;;;;;;;;378;;0;1 457;1 079;;21;;;;;;;;;;602;66;177;;;0;36;;;;;;;;;24;63 423;;14 913;;;2 481;;;331;;;;;;;;;;;81;;;;;;2 543;;;4 382;;30;;;;;;;;;;;;;;;;;;26;;;;;;;4 278;;;;;;27;;;;;;;;;;;4 975;;;108;9;;;;154;;;;4;;;65;;51;2 571;;;;;;;;33;;;;;;;8;;;;;2 344;;;;;;;;338;4 040;;;64 849;;;;;;;35;;;;;;;4 326;6 150;1;;;3;;;;;4 532;;11 242;;208 741
Costa Rica;;;;;;;;;;;420;;;60;;;;;204;96;;;;220;;;239;;;;;;;3 428;;338;0;;;800;;848;;;;;;;;5;12;126;;;2 315;1 285;;841;;;;;;;43;525;;;;;1 177;;;23;;;;906;;0;;6;532;;25;;;;;;22;;;580;;187;;;;;;;;;;;;;;;;;3;7;;;;;;;;;;;;;3 155;;;;;;;;;;;591;;;46;7 284;;;;289;;;;6 728;;42;155;37;21;23;;;;;;;;0;;;;;;;13;;;;;3 296;;;;;;;;291;523;;;;;;;;;;62;;;;;;;498;82 624;36;;;1 084;;;;;;;3 229;;125 300
Côte d'Ivoire;;;;;;;;;;;420;;;;;;;;1 817;;;;;3;;;;;;842 931;;;;2 683;;0;143;;;17;;;;;;;;;;0;14;451;;;5;3;;;;;;;;;84;71 334;;3 661;;;4 339;;;107;;;;;2 429;;;;;;11;;;;;;227;;;22 276;;96;;;;;;;;;;;;;;2 951;;;;48;;;;;;;77 549;;;331;;;6;;;;;;;;;;;938;;;10;;1 859;4 361;;204;;;;3;;;24;;9;130;;;;;;;;;;;;;414;;3;;;;;2 074;;;;;;;;465;1 234;;;;;;;;;;1;;;;;;;3 701;9 388;1;;;2;;;;;;;113 393;;1 172 151
Croatia;;;;;;;;598;;;74 104;52 160;;;;;;;43;7;;;;89;9 734;;739;;;;;;;45 692;;0;0;;;673;;;;;;;;;;75;1 711;853;;;0;112;;;;;;;;;1 505;32 578;;;;;359 367;;;426;;;;;;;;;;;891;185;;;;;1 256;;;27 706;;97;;;;;;;;;;;;;;;;127;1;348;;;;;;;;;;;;;82;;;;;;;;;;;161;;;2 264;;;;;2 811;;;;68;;;135;;899;131;;;1 526;;;;;;;;;;;;485;26 141;;;;2 004;;;;;;;;6 940;27 058;;;;;;;;;;250;;;;;;;9 261;46 499;39;;;245;;;;;;;1 731;13 723;753 529
Cuba;;;;;;;16;;;;631;;;102;;;;;861;187;;;;783;;;1 351;;;;;;;10 320;124;890;0;;;5 419;;1 463;;;90;;;;;33;505;323;;;10 178;4 101;;123;;;;;;;256;1 933;;;;;11 726;;;370;;;;515;;0;;6 702;379;;511;0;;;;;288;;;18 959;;205;;;;;;;;;;;;;;;;;13;35;;;5;;;;;;;6;;;9 761;;;;;;;;;;;1 113;2 398;;39;1 096;;;;582;;;;2 428;;230;295;158;185;563;;;;;;;;0;;;;;;;104;;;;;105 748;;;55;;;;;2 043;1 311;;;;;;;;;;48;;;;;;;1 434;993 729;305;;;9 515;;;;;;;6 700;;1 219 244
Cyprus;;;;;;;;;;;22 809;298;;;;;;;248;1;;;;3;;;;;;;;;;4 913;;6;0;;;19;;;;;;;;;;;55;139;;;9;10;;;;;;;;;130;1 089;;;;;1 409;;;19 712;;;;;;;;;;;188;;;;;;358;;;218;;31;1 084;;;;;;;;;;;;;;;;2;13;;;;;;;;;;;;;21;;;;;;;;;;;329;;;377;;;;;156;;;;27;;;6;;47;28;;;;;;;;;;;;;;;59;;;;;338;;;;;;;;537;259;;;;;;;;;;11 642;;;;;;;67 653;11 244;7;;;13;;;;;;;1 555;2 515;149 557
Czech Republic;;1 075;;;;;;;;;14 821;49 830;;;;;;;3 127;4;;;;84;8;;767;;;;;;;25 646;;9;0;;;243;;;;;;;;;179;597;;723;;;18;433;;;;;;;;;412;8 306;;;;;54 654;;;1 371;;;;;;;;;;;545;211;;;;;7 811;;16 453;7 150;;251;;;;;;;;;;;;;;;;;37;303;;;;;;;;;;;;;329;;;;;;;;;;;3 612;;;978;18;;;;1 124;;;;40;;23;54;50;6 724;183;;;;;;;;;;;;;;;67 801;286;;;;9 638;;;;;;;;5 808;12 368;;;;;;;;;;1 149;;;;;;;24 979;32 071;15;;;80;;;;;;;558;6 784;369 737
Denmark;;;;;;;21;;;;11 457;1 425;;35;;;;;3 964;11;;;;111;;;455;;;;;;;20 203;;26;0;;;377;;;;;;;;;;149;137;;;;104;251;268;;;;;;3 199;;914;6 245;;;;;29 759;;;1 623;;;;;;;;;11;;355;5 026;;;;;1 184;;;2 842;;563;;;;;;;;;;;661;;;;;28;56;1 816;;;;;;;;;;;;;354;;;;;;;;;;;3 250;;;1 647;68;;;;28 732;;;;57;;20;44;1 054;803;546;;;;;;;;;;;;;;;122;22;;;;13 762;28;;;;;;;48 869;4 626;;;517;1 161;;;;;;3 778;;;;;;;18 735;32 020;43;;;106;;;;;;;1 077;4 640;259 358
Djibouti;;;;;;;;;;;105;;;;33;;;;119;;;;;;;;;;;;;;;630;;0;;;;;;;;;;;;;;4;5;25;;;0;;494;;;;;3 768;;;3;6 489;;;;;112;;;3;;;;;;;;;;;2;;;;;;4;;;100;;7;;;;;;;;;;;;;;;;;;1;;;;;;;;;;;;;;;;;;;;;;;;97;;;49;;;;;16;;;;;;;3;;3;1;;;;;;;;;;;;;;;1;;;;;41;;;;;87;;;79;49;;;;;;;;;;3;;;;;;;314;309;;;;;;;;;;;527;;13 484
Dominica;;;;;;;3 517;;;36;12;;;43;;;587;;91;3;;;;;;;;;;;;;;3 294;;9;0;;;39;;;;;;;;;;2;1;11;;;36;17;;;;;;;;;2;776;;;;;224;;;375;;;;;;0;;;;;14;;;;;;7;;;943;;43;;;;;;;;;;;;;;;;;;13;;;;;;;;;;;;;182;;;;;;;;;;;71;123;;7;;;;;15;;;;1;;;5;;;4;;;;;;;;0;;;;;;;;;;;;1 407;;163;87;142;;;;58;85;;;;;;;;;;8;;;;;;;8 926;42 409;;;;4;;5 388;;;;;509;;69 687
Dominican Republic;;;;;;;1 323;;;4 317;105;;;77;;;;;1 451;19;;;;20;;;103;;;;;;;7 573;;82;0;;;481;;310;;;;;;;118;11;6;111;;;;485;;;;;;;;;70;458;;;;;7 817;;;199;;;;84;;0;;9 668;84;;10;;;;;;13;;;24 174;;486;;;;;;;;;;;;;;;;;1;215;;;;;;;;;;;;;1 195;;;;;;;;;;;7 298;10 151;;13;80;;;;460;;;;8 479;;14;75;905;3;52;;;;;;;;0;;;;;;;9;;;;;130 832;;457;31;;;;;410;6 012;;;;;;;;;;13;;;;;;;693;787 015;32;;;13 804;;3 484;;;;;4 574;;1 035 963
Ecuador;;;;;;;;;;;1 892;;;14;;;;;1 867;3;;;;1 093;;;1 195;;;;;;;15 698;;3;0;;;16 093;;11 437;;;;;;;;7;39;557;;;1 417;;;118;;;;;;;93;1 643;;;;;5 908;;;47;;;;130;;0;;52;285;;75;;;;;;106;;;95 226;;217;;;;;;;;;;;;;;;;;;30;;;;;;;;;;;;;1 771;;;;;;;;;;;1 641;;;82;120;;;;633;;;;2 744;;85;1 296;;32;316;;;;;;;;0;;;;;;;31;;;;;519 123;;;;;;;;1 491;1 862;;;;;;;;;;0;;;;;;;4 020;420 751;204;;;28 410;;;;;;;8 045;;1 147 902
Egypt, Arab Rep.;;;;;;;35;;;;41 204;11 982;;;34 350;;;;2 596;3;;;;42;;;3 413;;;;;;;47 234;;3;44;;;146;;;;;;;;;;4 579;159;1 712;;;9;116;;;;;;;;;699;28 024;;;;;20 892;;;9 223;;;;25;;;;;1;;419;35;;;;;1 456;;32 258;90 463;;1 750;851 803;;;;;;;319 483;;;;;;;397 064;;2;129;;;72;;;;;;;383;;;159;;;;;;;;;;;11 301;;;1 467;5;;9 591;;679;40 711;;;62;;;41;418;226;144;;87 727;;;;;;;1 005 873;;;;;;132;;;;;4 185;;;;;12 088;;;2 823;5 010;;;;;;;;;;863;;;;;;140 935;28 102;132 513;68;;;239;;;119 564;58 037;209;;176 077;;3 741 055
El Salvador;;;;;;;;;;;11 352;;;;;;;;391;8 257;;;;166;;;483;;;;;;;49 801;;0;0;;;389;;309;;;;14 379;;;;12;13;74;;;546;717;;;;;;;;;34;1 119;;;;;768;;;17;;;;14 855;;0;;17;5 474;;13;;;;;;45;;;7 989;;127;;;;;;;;;;;;;;;;;;2;;;;;;;;;;;;;7 869;;;;;;;;;;;330;;;62;3 291;;;;183;;;;2 942;;42;64;121;2;34;;;;;;;;0;;;;;;;4;;;;;8 130;;;;;;;;2 899;468;;;;;;;;;;6;;;;;;;788;1 116 420;16;;;813;;;;;;;7 355;;1 269 190
Equatorial Guinea;;;;;;;;;;;4;;;;;;;;21;1;;;;;;;;;;;;;;19;;0;144;;;3;;;;;531;;;;;0;3;1;;;0;;;;;;;;;;;142;;62 711;;;153;;;1;;;;;;;;;;;3;;;;;;;;;16;;3;;;;;;;;;;;;;;;;;;;;;;;;;;;;;;;1;;;;;;;;;;;28;;;;;;4 772;;3;;;;;;;6;;;79;;;;;;;;353;;;;;;;1;;;;;24 829;;;;;;;;17;30;;;;;;;;;;13;;;;;;;68;376;1;;;7;;;;;;;8 298;489;103 130
Eritrea;;;;;;;;;;;2 523;;;;318;;;;;1;;;;2;;;;;;;;;;7 136;;0;;;;3;;;;;;;;;;5;4;166;;;0;;688;;;;;290 383;;;19;137;;;;;6 561;;;125;;;;;;;;;;;4;;;;;;22;;;14 805;;10;;;;;;;;;;;;;;;;;;;;;;;;;;;;;;;3;;;;;;;;;;;812;;;128;;;;;1 030;;;;;;;;;2;3;;;;;;;;;40 644;;;;;;1;;;;;44;;;;;458 042;;;5 276;1 259;;;;;;;;;;4;;;;;;;8 690;12 689;;;;8;;;;;;;90 688;;942 238
Estonia;;;;;;;;21;;;2 418;203;;;;;;;1 251;1;;;;7;;;;;;;;0;;6 170;;0;0;;;31;;;;;6;;;;;26;62;1 070;;;0;17;;;;;;;;;18 637;778;;;;41;6 149;;;133;;;;;;;;;;;67;53;;;;;3 511;;7 491;954;;78;;895;;;;;;;;;3 551;;;;;;701;33;;;;;;;;;;0;;;10;;;;;;;;;;;1 770;;;115;;;;;765;;;;9;;;1;;308;317;;;;69 054;;;;;;;;;;;14;;;;;1 298;0;;;;;;;15 099;247;;;;;;;;;;127;;;;;;;2 686;12 738;3;;;39;;;;;;;8 590;1 668;169 213
Ethiopia;;;;;;;67;;;;7 358;;;;;;;;1 360;1;;;;5;;;;;;;;;;22 951;;3;11;;;10;;;;;;;;;;72;80;1 521;34 697;;0;7;636;;;;;;;;1 237;3 956;;;;;21 085;;;1 663;;;;4;;;;;;;96;77;;;;;220;;87 556;17 226;;313;;;30 763;;;;;;;;;;;;;;;26;;;;;;;;;;;;;21;;;;;;;;;;;8 144;;;1 014;45;;;;5 198;;;;6;;;1;;51;18;;;;;;;;;28 618;;;;;;57;;;;;1 058;;;;;152 094;;;12 534;2 019;;;;;;;;;;66;;;;;;;10 298;139 693;7;;;18;;;;;;;26 446;;620 405
Faeroe Islands;;;;;;;;;;;33;;;;;;;;;;;;;;;;;;;;;;;;;0;0;;;;;;;;;;;;;;0;;;;0;10;;;;;;;;;;;;;;;;;;3;;;;;;;;;;;;664;;;;;;;;;;;;;;;;;;;;;;;;;;;;;;;;;;;;;;;;;1;;;;;;;;;;;3;;;12;;;;;;;;;15;;;;;;0;;;;;;;;;;;;;;;;;;;;;;;;;;;;;;;;;;;;;;;0;;;;;;;;;1;;;;;;;;;;3;14;759
Fiji;;;;175;;;;;;;60 544;;;;;;;;23;3;;;;2;;;;;;;;;;28 387;;3;0;;;17;;;;;;;;;;5;7;27;;;0;;;;;;;;;;12;113;;;;;113;;;10;;;;;;;;;;;1;0;179;;;;47;;;58;;187;;;;;;;;;;;;;;;;;;4;;;;;;;;;;;;;3;;;;;;;;;;;63;;3 708;41 288;0;;;;33;;;;1;;;1;60;2;;;;;;;259;;0;;;;;;;1;;360;;;54;;;;;;;;51;169;;;;;;;108;;;2;;;;;;;4 588;41 338;;;31;;;;;;;;145;;182 183
Finland;;;;;;;21;;;;10 091;1 699;;;;;;;3 682;;;;;64;;;166;;;;;;;14 604;;15;0;;;221;;;;;;;;;;437;335;4 143;;;68;175;;;;;999;;;;;4 016;;;;;21 363;;;1 276;;;;;;;;;10;;768;307;;;;;1 363;;;2 240;;593;;;;;;;;;;;588;;;;;2;41;838;;;;;;;;;;;;;188;;;;;;;;;;;2 392;;;433;29;;;;10 220;;;;19;;;44;536;224;440;;;;;;;;;;;;;;;81;;;;;13 238;;;;;;;;189 535;4 312;;;502;;;;;;;1 873;;;;;;;14 997;13 490;10;;;52;;;;;;;486;6 043;329 269
France;;;;;5 805;;56;6 223;;;25 752;7 715;;130;;;;;174 750;11;1 916;;;702;;;8 433;;;;;1 311;8 793;92 606;187;47;3 060;;;5 214;;1 657;522;;10 942;;;496;144;811;3 670;5 570;;;3 764;3 101;1 744;205;152;;;;;;1 873;;25 755;14 828;;;169 945;;;1 872;;;;201;1 614;99;;;89;;3 465;611;1 188;;;;13 657;;41 771;40 053;;8 881;3 251;;;;;1 278;;;;;;;;124;;73;119;22 494;;;12 365;;;;2 604;128;;2 365;4 599;;8 378;;;9 298;;;;;;;;20 251;224;;3 551;171;;;;4 464;516;;;470;;377;806;456;36 150;134 355;;;;;;21;;33;;17 192;;;;;2 140;329;;;;252 618;425;;39;;148;3 143;;7 460;110 377;;;;3 570;;6 393;;;3 425;17 979;;;;;;;128 020;160 721;814;;174;3 323;;;;;141;;20 448;28 816;1 738 006
French Polynesia;;;;;;;;;;;470;;;;;;;;;;;;;;;;;;;;;;;;;0;0;;;10;;;;;;;;;;0;0;;;;0;;;;;;;;;743;;;;;;;;;;16;;;;;;;;;;;;0;;;;;;;;;;;;;;475;;;;;;;;;;;;;;;;;;;;;;;;;;;4;;;;;;;;;;;11;;1 588;640;0;;;;;;;;0;;;;;;;;;;;;;;0;;;;;;;;;;;;;;;;;;;;;;;;;;;;;;;0;;;;;;;;;;;;;;;;;;;149;52;4 158
Gabon;;;;;;;;;;;27;;;;;;;;435;;;;;;;;;;;;;;;561;;0;187;318;;10;;;;;649;;;;;0;1;;;;0;;;;;;;;;;2;14 615;;;;;449;;;17;;;;;;;;;;;;;;;;;13;;;205;;29;;;;;;;;;;;;;;;;;;12;;;;;;;4 748;;;146;;;3;;;;;;;;;;;90;;;7;;;;;9;;;;;;;1;;1;102;;;;;;;;452;;;;;;;;;;;;388;;;;;;;;2;174;;;;;;;;;;4;;;;;;;179;600;;;;2;;;;;;;790;;25 229
Gambia, The;;;;;;;;;;;210;;;;;;;;217;;;;;;;;;;;;;;;296;;0;7;;;3;;;;;;;857;;;0;9;681;;;0;46;;;;;;;;;345;1 169;;;;;4 049;;;54;;;;;797;909;;;;;2;;;;;;54;;;973;;22;;;;;;;;;;;;;;;;;;;;;;;;;633;;;;;;6;;;;;;;;;;;460;;;23;;;6 509;;1 283;;;;1;;;1;;3;35;;;;;;;;;;5 881;;;2 778;;;;;;;18 112;;;;;;;;3 358;200;;;;;;;;;;16;;;;;;;5 198;7 472;;;;1;;;;;;;2 233;;64 905
Georgia;;;;;;;;74;75 792;;420;659;5 258;;;;;1 807;416;14;;;;;;;129;;;;;2;;1 781;;0;0;;;3;;;;;18;;;;;13 497;362;158;;;18;;;;;;;;;;74;1 156;;;;;18 164;;;41 817;;;;;;;;;;;78;;;;;;366;;26 032;1 316;;49;;2 635;;;;;;;;;3 845;;;;;;568;14;;;;;;;;;;2;;;138;;;;;;;;;;;941;;;89;;;;;141;;;;1;;;;;465;199;;;;644 390;;;;0;;;;;;;73;;;;;10 702;1;;;;;;;385;373;;;;;;;;;;7 295;;;;;72 410;;738;25 310;1;;;3;;;;;;;98 123;;1 058 300
Germany;;;;;480;;9;9 803;1 241;;131 810;202 093;;203;;;;2 864;88 940;83;;;;2 148;6;;19 676;;;;;189;;199 541;;164;0;;;9 377;;1 897;;;174;;;9 618;331;2 294;9 745;32 992;;;7 583;6 033;2 439;218;;;;;;;5 893;170 959;;;;1 676;;;;12 549;;;;499;835;;;;182;;26 387;2 476;2 234;;;239;17 240;;43 696;52 223;;5 983;5 896;175 667;;;;1 266;;;3 124;;1 368;;;569;;1 253;1 016;15 365;;;320;;;;;479;;53;1 916;;8 230;;;;;;;;;;;117 170;;;11 771;458;;;;18 733;;;;619;672;1 715;1 265;2 039;104 710;34 241;;;2 340;;;83;;;;;;;;;2 945;1 477;;;;272 821;185;;39;;403;;;47 904;204 233;;;3 128;6 727;;830;;;;306 456;;;;;;;299 753;653 968;1 443;;;3 706;;;;;391;;72 516;53 178;3 529 460
Ghana;;;;;;;23;;;;3 679;;;60;;;;;3 576;12;;;;3;;;;;;50 217;;;;21 920;;6;22;;;14;;;;;;;111 001;;;74;42;1 454;;;0;53;213;;;;;;;;506;4 985;;;;;34 153;;;578;;;;;1 314;;;;;;78;;;;;;869;;;49 931;;1 906;;;;;;;;;;;;;;15 785;;;3;23;;;;;;;2 649;;;353;;;18;;;;;;;;;;;12 123;;;404;;2 599;186 015;;1 703;;;;15;;;1;14;49;76;;;;;;;;;;;;;1 507;;14;;;;;14 684;;;;;;;;1 441;1 853;;;;;;39 247;;;;161;;;;;;;96 795;110 931;;;;18;;;;;408;;49 835;;825 414
Gibraltar;;;;;;;;;;;;;;;;;;;;;;;;;;;;;;;;;;;;;;;;;;;;;;;;;;;;;;;;;;;;;;;;;;;;;;;;;;;;;;;;;;;;;;;;;;;;;;;;;;;;;;;;;;;;;;;;;;;;;;;;;;;;;;;;;;;;;;;;;;;;;;;;;;;;;;;;;;;;;;;;;;;;;;;;;;;;;;;;;;;;;;;;;;;;;;;;;;;;;;;;;;;;;;;;;;;;;;;;
Greece;;80 778;;;;;;;3 360;;140 114;3 999;;51;;;;;15 143;1;;;;7;;;2 753;;;;;;;85 126;;3;0;;;341;;;;;;;;;;20 937;1 824;1 239;;;140;99;908;;;;;;;;803;13 524;;;;1 365;470 350;;;;;;;;;;;;9;;1 553;28;;;;;696;;19 919;9 184;;319;;6 313;;;;;;;;;;;;;;91;6;1 035;;;;;;;;;;;;;444;;;;;;;;;;;8 376;;;1 050;14;;;;925;;;;335;;12;69;305;2 354;176;;;4 399;;;;;;;;;;;;399;;;;;4 373;;;;;;;;11 523;7 065;;;;;;;;;;66 344;;;;;;;28 102;151 239;177;;;684;;;;;;;20 442;18 989;1 209 813
Greenland;;;;;;;;;;;56;;;;;;;;;;;;;;;;;;;;;;;;;0;0;;;;;;;;;;;;;0;0;;;;0;;;;;;;;;;;;;;;;;;;7;;;;311;;0;;;;;;79;;;;;;;;;;;;;;;;;;;;;;;;;;;;;;;;;;;;;;;;;4;;;;;;;;;;;8;;;4;;;;;5 194;;;;7;;0;;;;0;;;;;;;;0;;;;;;;;;;;;;;;;;;;;;;;;;;;;;;;0;;;;;;;;;;;;;;;;;;;39;101;5 810
Grenada;;;;;;;143;;;;105;;;24;;;735;;5;11;;;;;;;;;;;;;;10 180;;23;0;;;9;;;;;;;;;;0;0;8;;;14;10;;;;;;;;;2;63;;;;;83;;;1;;;;;;0;;;;;5;;;;;;13;;;12;;2;;;;;;;;;;;;;;;;;;;;;;;;;;;;;;;158;;;;;;;;;;;40;19;;10;;;;;16;;;;7;;;2;;3;13;;;;;;;;0;;;;;;;1;;;;;35;;;24;567;;;;48;46;;;;;;;;9 167;;0;;;;;;;12 958;33 568;;;;105;;;;;;;127;;68 362
Guam;;;;;;;;;;;105;;;;;;;;1;;;;;;;;;;;;;;;82;;0;0;;;7;;;;;;;;;;0;0;;;;0;;;;;;;;;596;;;;;;;;;;1;;;;;;;;;;;;0;;;;;;;;;;;;;;;;;;;;;;;;;;;;;;;;;;;;;;;;;554;;;;;;;;;;;1;;;23;0;;;1 962;;;;234;0;;;;1 316;2;;;;;;;;;0;;;;;;;;;;;;;;;;;;;;;;;;;;;;;;;1;;;;;;;81;42 545;;;;;;;;;;;328;849;48 689
Guatemala;;;;;;;4;;;;420;;;14;;;;;813;20 070;;;;221;;;159;;;;;;;18 282;;0;0;;;394;;370;;;;3 294;;;;2;9;193;;;709;591;;8 528;;;;;;;51;1 745;;;;;1 037;;;37;;;;;;0;;;2 849;;9;;;;;;337;;;692;;110;;;;;;;;;;;;;;;;;;65;;;;;;;;;;;;;35 022;;;;;;;;;;;595;;;46;1 387;;;;474;;;;870;;36;89;344;1;37;;;;;;;;0;;;;;;;1;;;;;6 699;;;;;;;;829;598;;;;;;;;;;19;;;;;;;661;753 720;23;;;399;;;;;;;9 125;;871 981
Guinea;;;;;;485;;;;;526;;;;;;;;1 103;4;;;;2;;;;;;;;;;2 392;108;3;55;;;5;;;;;;;134 171;;;2;23;74;;;5;13;;;;;;;;;15;22 124;;;58 625;;3 505;;;10;;;;;;4 833;;;;;39;;;;;;103;;;2 949;;250;;;;;;;;;;;;;;49 944;;;;28;;;;;;;16 267;;;5 197;;;10;;;;;;;;;;;2 191;;;3;11;;6 195;;52;;;;7;;;3;;13;419;;;;;;;;;;80 773;;;69 127;;14;;;;;12 657;;;;;;;;183;475;;;;;;;;;;8;;;;;;;351;6 403;;;;1;;;;;;;51 552;;533 308
Guinea-Bissau;;;;;;;;;;;15;;;;;;;;103;4;;;;;;;;;;;;;;69;1 233;0;34;;;;;;;;;;388;;;0;9;36;;;0;10;;;;;;;;;5;8 653;;;20 158;;737;;;3;;;;;2 749;;;;;;11;;;;;;;;;35;;3;;;;;;;;;;;;;;;;;;17;;;;;;;;;;2 018;;;1;;;;;;;;;;;212;;;;;;4 847;;17;;;;4;;;4;;;30 225;;;;;;;;77;;24 155;;;;;1;;;;;7 462;;;;;;;;109;160;;;;;;;;;;0;;;;;;;505;562;;;;1;;;;;;;6 741;;111 374
Guyana;;;;;;;4 798;;;;631;;;630;;;3 327;;91;115;;;;8;;;1 613;;;;;;;101 505;;232;0;;;24;;;;;;;;;;0;3;131;;;68;26;;;;;;;;;17;28;;;;;203;;;13;;;;;;0;;41;1;;7;;;;;;108;;;21;;9;;;;;;;;;;;;;;;;;;8;;;;;;;;;;;;;18;;;;;;;;;;;2 352;1 503;;125;;;;;121;;;;52;;4;6;;14;23;;;;;;;;0;;;;;;;1;;;;;162;;741;528;784;;10 924;;137;122;;;;;;;;4 330;;6;;;;;;;24 979;263 147;1;;;6 551;;;;;;;3 185;;433 473
Haiti;;;;;;;25;;;;105;;;19 051;;;;;1 921;63;;;;12;;;15;;;;;;;73 753;;26;0;;;86;;;;;;;;;909;5;21;177;;;279 216;132;;;;;;;;;2;42 103;;;;;645;;;131;;;;12;;0;;;28;;1;;;;;;7;;;278;;23;;;;;;;;;;;;;;;;;;13;;;;;;;;;;4;;;500;;;;;;;;;;;1 087;3 757;;13;31;;;;23;;;;435;;1;11;;1;10;;;;;;;;0;;;;;;;1;;;;;769;;;;;;869;;138;1 257;;;;;;;;;;0;;;;;;;217;545 437;2;;;1 509;;556;;;;;34 363;;1 009 751
Honduras;;;;;;;5;;;;210;;;12;;;;;123;6 777;;;;327;;;137;;;;;;;6 013;;2 848;0;;;418;;283;;;;4 861;;;;4;3;98;;;645;644;;11 207;;;;;;;29;566;;;;;896;;;57;;;;6 534;;0;;41;;;5;;;;;;25;;;822;;184;;;;;;;;;;;;;;;;;;2;;;;;;;;;;;;;5 314;;;;;;;;;;;361;;;30;14 597;;;;99;;;;1 213;;33;80;51;3;23;;;;;;;;0;;;;;;;1;;;;;27 059;;;;;;;;278;318;;;;;;;;;;4;;;;;;;556;469 202;15;;;250;;;;;;;6 469;;569 731
Hong Kong, China;;;;;;;;;;;90 711;;;23;;;;;2 096;148;;;;25;;;;773;;;;551;;250 786;;3;0;;;87;;;;;;;;;;0;18;;;;194;135;;;;;;;;;21;2 194;;;;;;;;27;;;;35;;0;;;;;10;;;;;;2 537;;;505;;;;;;;;;;;;;;;;;;;;185;19 274;;;;;;;;;;57;;;;;;;;;;;;;10 272;225;;8 407;;;;;1 309;;;;539;;;;;3;130;;;;;;;;0;;;;;;2 615;3;;;;;;;;;;;;;691;;;;;;;;;;;66;;;;;;;95 755;214 572;1;;;403;;;;;;;271;13 332;718 990
Hungary;;;;;;;;;;;24 806;38 732;;;;;;;7 315;;;;;55;11;;2 876;;;;;;;53 474;;3;0;;;593;;112;;;;;;;;304;6 263;2 365;;;77;297;;;;;;;;;1 249;12 010;;;;;89 583;;;218;;;;;;;;;;;;136;;;;;4 906;;16 208;7 109;;471;4 828;;;;;;;;;;;;;;;;73;350;;;;;;;;;;;;;350;;;;;;;;;;;6 315;;;1 372;28;;;;2 192;;;;29;;;85;157;1 449;306;;;5 724;;;;;;;;;;;;14 160;232;;;;8 007;;;;;;;;14 953;13 919;;;;;;;;;;583;;;;;;;24 979;81 905;336;;;624;;;;;;;2 038;8 253;462 418
Iceland;;;;;;;;;;;631;176;;;;;;;219;;;;;5;;;;;;;;;;617;;0;0;;;19;;;;;;;;;;30;20;9 565;;;23;26;;;;;;;12;;206;379;;;;;2 213;;;36;;;;;;;;;;;69;;;;;;124;;;183;;50;;;;;;;;;;;;;;;;1;4;370;;;;;;;;;;;;;24;;;;;;;;;;;400;;;131;;;;;5 732;;;;10;;;14;73;44;48;;;;;;;;;;;;;;;5;;;;;1 399;;;;;;;;4 619;169;;;;;;;;;;48;;;;;;;2 056;12 120;;;;3;;;;;;;30;789;42 693
India;;;;;185;;61;;;;209 908;10 645;;212;137 402;1 052 775;575;;14 625;370;;;38 018;191;;;765;5 253;;;;454;;516 508;;170;0;;;906;;115;;;;;;;;2 429;244;5 755;;;429;314;1 681;;;;;;;4 410;3 136;35 399;;;;434;67 779;;;5 763;;;;20;;0;;;11;;239;388;;;;273;13 727;;23 445;100 683;1 192;20 827;28 974;;;;;2 848;;393 210;;;310;;;1 582;;;12;466;;;5 331;5 605;106 880;;;;;;6 831;;582;;;;;;;11 924;31 708;;831 432;14 844;47;;47 411;15;;;;8 266;447 824;;;3 060;268;114;121;5 767;451;9 362;;250 649;;;2 606;;;0;1 452 927;;;;419;157 114;172;;;;;32 647;336 352;;8;;3 114;;;15 334;9 313;;;17 826;24 219;;;41;510;;584;;;;;;2 185 919;657 792;1 654 272;2;;;208;;;;;8 748;;307 090;;11 360 823
Indonesia;;;;;;;;;;;66 325;1 133;;;;;;;3 672;5;;;;25;;;;6 727;;;;505;;14 272;;6;0;;;158;;;;;;;;;;153;89;856;;;32;89;4 532;;;;;;;;228;4 049;;;;;17 347;;;440;;;;23;;0;;;;;77;171;852;;;;353;;;1 889;;25 916;85 717;;;;;15 861;;11 059;;;;;;;;;1;97;;;;;1 397 684;;;;;;;;98;;;;;;;;;;;146 854;227;1 536;5 047;6;;;;1 011;;;;144;398;;54;5 865;47;134;;;;;;;;0;279 409;;;;;102 332;13;;141;;;2 637;;;;;;;;2 202;2 705;;;;1 459;12 148;;;;;202;;;;;;;8 889;87 530;6;;;44;;;;;;;182 818;;2 504 297
Iran, Islamic Rep.;;;;;;;0;;18 154;;29 116;14 976;;;34 350;;;;5 291;23;;;;59;;;;;;;;;;107 198;;15;0;;;142;;;;;;;;;;1 060;191;15 141;;;104;264;;;;;;;;;4 015;25 476;;;;455;89 604;;;4 280;;;;14;;;;;7;;393;45;1 774;;;8 639;953;;76 259;8 989;;5 225;781;1 442;;;;;;98 302;;;;;;;;;13;539;;;;;;;;;;;;;249;;;;;;;;;;;24 261;;;3 055;32;;;;15 605;;;;90;;24;15;1 215;160;255;;150 389;;;;;;0;;;;;;;128;;;;;5 388;;;;22;;;;60 118;5 930;;;;;;;;;;14 516;;;;;;40 267;62 449;351 685;82;;;109;;;;;;;5 838;;1 295 173
Iraq;;;;;;;0;;;;41 309;4 053;;;1 748;;;;1 392;3;;;;8;;;;;;;;;;39 050;;0;0;;;39;;;;;;;;;;276;268;27 057;;;9;50;23 750;;;;;;;;5 341;4 103;;;;;115 792;;;2 636;;;;10;;;;;;;656;32;518;;379 356;;1 200;;111 935;2 373;;102;303 791;;;;;;;;;;;;;;;;3;50;;;;;;;;;;146;;;60;;;;;;;;;;;35 732;;;6 589;6;;;;21 361;;;;22;;2;8;31;416;78;;;1 017;;;;;0;;;;;;;57;;;;;1 869;;;;6;474;;;103 728;4 165;;;;;;;;;;9 959;;;;;;;66 612;102 942;5;;;10;;;;33 442;;;91 122;;1 546 767
Ireland;;;;;;;;;;;63 593;714;;63;;;;;3 999;10;;;;39;;;220;;;;;;;26 041;;305;0;;;199;;104;;;;;;;;685;68;1 496;;;77;274;;;;;;;;;343;6 056;;;;;16 044;;;1 241;;;;;;;;;;;344;124;;;;;;;;3 556;;1 124;;;;;;;;;;;;;;;;6;10;767;;;;;;;;;;;;;246;;;;;;;;;;;4 306;;;7 534;18;;;;726;;;;35;;;89;265;113;752;;;;;;;;;;;;;;;82;;;;;17 162;;;;;;;;1 635;1 731;;;;;;;;;;603;;;;;;;422 569;137 537;5;;;48;;;;;;;271;13 665;736 889
Isle of Man;;;;;;;;;;;;;;;;;;;;;;;;;;;;;;;;;;;;;;;;;;;;;;;;;;;;;;;;;;;;;;;;;;;;;;;;;;;;;;;;;;;;;;;;;;;;;;;;;;;;;;;;;;;;;;;;;;;;;;;;;;;;;;;;;;;;;;;;;;;;;;;;;;;;;;;;;;;;;;;;;;;;;;;;;;;;;;;;;;;;;;;;;;;;;;;;;;;;;;;;;;;;;;;;;;;;;;0;0;0
Israel;;100;;;;;0;;;;10 196;2 167;;10;;;;;3 804;3;;;;112;;;1 791;;;;;;;24 819;;18;0;;;896;;376;;;;;;;;339;142;2 004;;;275;713;;;;;;;;;798;8 719;;;;972;14 079;;;751;;;;102;;;;;56;;662;41;;;;;651;;;3 032;;758;12 922;;;;;;;;;;666;;;;;;16;90;;;;;;;;;;;;;1 465;;;;;;;;;;;5 206;;;925;18;;;;1 020;;;;811;;20;217;691;418;137;;;;;;;;0;;;;;;;818;;;;;2 972;;;;2;;;;2 185;2 220;;;;;;;;;;3 047;;;;;;;13 531;149 039;242;;;452;;;655 814;;;;82 453;4 782;1 020 565
Italy;;73;;;212;;12;205 026;;;236 606;30 963;;87;;;;;129 769;16;;;;1 231;9;;55 370;;;;;76;;345 568;330;112;0;;;6 731;;2 256;;;;;;1 991;217;427;1 046;4 802;;;10 444;5 267;2 321;270;;;;;;;1 640;450 394;;;;331;842 666;;;6 638;;;;287;;;;;162;;2 863;258;;;;;8 520;;;;;2 400;2 539;;;;;;;;;;;;;135;;1 139;22;14 656;;;288;;;;;710;;95;1 076;;5 553;;;5 827;;;;;;;;18 330;91;;1 683;230;;;;2 190;;;;839;;478;1 903;1 271;3 548;2 761;;;2 514;;;;11 420;;;;;;;;1 020;1 423;;;;93 786;31;;8;;;;;7 980;263 320;;;1 083;1 749;;;;;1 436;3 186;;;;;;;108 244;400 484;8 830;;;48 920;;;;;;;45 107;56 986;3 480 280
Jamaica;;;;;;;2 958;;;;1 051;;;3 485;;;809;;319;501;;;;3;;;57;;;;;;;143 675;;14 179;0;;;38;;;;;;;;;289;16;5;178;;;627;53;;;;;;;;;60;461;;;;;1 929;;;65;;;;8;;0;;501;17;;17;;;;;;321;;;179;;246;;;;;;;;;;;;;;;;;;12;;;;;;;;;;;;;122;;;;;;;;;;;808;1 736;;187;48;;;;150;;;;787;;2;3;;3;38;;;;;;;;0;;;;;;;3;;;;;362;;169;102;163;;;;259;545;;;;;;;;;;25;;;;;;;158 203;649 046;;;;114;;385;;;;;797;;986 119
Japan;;;;;;;23;4 497;;;47 510;2 558;;36;;;;;5 134;10;;;108;2 325;;;71 367;167;;;;597;;25 267;;29;0;;;1 353;;580;;;;;;;;75;195;1 827;;;1 873;1 007;348;;;;;;;;1 145;22 258;;;;;48 217;;;1 264;;;2 614;115;;0;;;86;;280;106;745;;;;1 608;;;9 180;;;856;;;;;12 320;;;;;;;;;;;8;346;;;65;;19 595;;;;80;;59;;4 340;;;;;;;;;;;6 076;295;;10 471;66;;;1 101;1 356;;;265;488;176;2 061;1 531;7 780;329;395;;;;;;98;;0;;;;;;;180;;167;;;6 224;83;;;;;;;3 032;4 924;;;;26 502;;;14;;;2 244;;;;;;;32 265;340 393;172;;;423;;;;;333;;18 454;11 171;771 246
Jordan;;;;;;;0;;;;4 835;544;;;386;;;;623;;;;;22;;;;;;;;;;8 661;;0;0;;;158;;143;;;;;;;;390;103;1 334;;;54;99;7 078;;;;;;;;240;959;;;;;15 674;;;967;;;;;;;;;25;;261;22;;;;3 548;335;;;3 719;;172;;;;;;;;;;;;;;;;;6;7;;;;;;;;;;;;;64;;;;;;;;;;;872;;;381;17;;;;192;11 642;;;124;;12;68;64;174;17;;;;;;;;0;172 266;;;;;;93;;;;;2 367;;;;2;430;;;1 590;355;;;;;;;;;;1 006;;;;;;;4 126;72 286;9;;;228;;;369 088;;;;46 273;;734 113
Kazakhstan;;;;;;;;223;1 480;;841;;;;;;;738;333;;;;;5;;;;;;;;9;;7 474;;0;0;;;14;;;;;54;;;;;211;1 865;88;;;5;3;279;;;;;;;;350;404;;;;455;75 070;;;3 222;;;;;;;;;;;188;;2 294;;;;494;;79 270;1 170;;170;;;;;;1 067;;;6 206;;11 075;;;;;;4 142;17;;;2;;;;;;;6;;;1;;;;742;;;;;;;344;;;263;;;;;292;;;;1;;;2;;3 999;131;;;;2 648 315;;;;0;;;;;;;164;;;;;515;1;;;;;;;634;284;;;;;;;;;;5 597;18 766;;;;249 886;;1 167;11 906;2;197 773;;;;;;;;;379 754;;3 719 766
Kenya;;;;;;;;;;;13 034;;;;;;;;836;1;;;;13;;;;;;;;;;26 164;;44;1;;;34;;;;;;;;;;75;44;1 392;;;113;30;;;;;;612;;;367;1 064;;;;;7 647;;;389;;;;;;;;;;;41;63;2 477;;;;1 292;;;1 660;;529;;;;;;;;;;;;;;;;;1;36;;;;;;;;;;;;;27;;;;;;;;;;;2 253;;;1 651;3;;;;1 418;;;;4;;;4;342;57;213;;;;;;;;;;;;;;;20;;;;;1 681;;;;;180;;;1 763;1 995;;;91 146;;;;;;;195;;;;41 065;;;152 999;85 123;2;;;1;;;;;630;;16 570;;457 303
Kiribati;;;;;;;;;;;631;;;;;;;;1;;;;;;;;;;;;;;;50;;3;0;;;;;;;;;;;;;0;4;4;;;0;;;;;;;;;309;;1;;;;;1 126;;;;;;;;;;;;;;;0;;;;;;;;1;;9;;;;;;;;;;;;;;;;;;;;;;;;;;;;;;;;;;;;;;;;;;3;;;899;0;;;;1;;;;0;;;1;;;;;;;;;30;;0;;;;;;;2;;1 616;;;;;;;;;;;6;9;;;;;;;;;;0;;;;;;;237;1 248;;;;;;;;;;;237;;6 429
Korea, Dem. Rep.;;;;;;;;;;;210;;;;;;;;99;;;;;5;;;2 729;;;;;205;;139;;0;0;;;12;;161;;;;;;;;28;88;355;;;5;667;;;;;;;;;2;126;;;;;2 723;;;498;;;;;;0;;;39;;27;;;;;;348;;;132;;;;;;;;;;;;;;;;;;;4;42;;;61;;;;;;;;;;161;;;;;;;;;;;14;;;16;6;;;;38;;;;150;;838;17;;14;8;;;;;;;;0;;;;;;;21;;;;;;;;;;;;;78;136;;;;;;;;;;35;;;;;;;29;289 854;3;;;39;;;;;;;622;;300 782
Korea, Rep.;;;;209;;;;7 762;;;72 632;1 890;;;;;;;5 399;22;;;;939;;;5 969;278;;;;270;;114 549;;6;0;;;1 909;;221;;;;;;;;7;77;10 793;;;817;1 110;249;123;;;;;;;227;19 711;;;;;37 634;;;459;;;3 461;1 391;;0;;;44;;113;71;;;;;373;;;5 113;;600 336;781;;;;;;;;;;;;;;;;13;573;;;;;;;;;;120;;;2 505;;;;371;;;;;;;6 190;;;31 509;25;;;2 218;9 231;;;129;279;;1 810;359;2 275;129;104;;;;;;;;0;;;;;;;235;;66;;;3 718;;;;;;;;10 593;1 810;;;;3 354;;;;;;575;;;;;;;11 449;1 050 860;41;;;187;;;;;;;4 106;37 953;2 077 730
Kosovo;;;;;;;;;;;;;;;;;;;;;;;;;;;;;;;;;;;;;;;;;;;;;;;;;;;;;;;;;;;;;;;;;;;;;;;;;;;;;;;;;;;;;;;;;;;;;;;;;;;;;;;;;;;;;;;;;;;;;;;;;;;;;;;;;;;;;;;;;;;;;;;;;;;;;;;;;;;;;;;;;;;;;;;;;;;;;;;;;;;;;;;;;;;;;;;;;;;;;;;;;;;25 252;;;;;;;;;;;0;;25 252
Kuwait;;;;;;;0;;;;3 784;;;;553;;;;123;;;;;7;;;;;;;;;;12 247;;3;0;;;17;;;;;;;;;;207;56;1 502;;;5;20;3 746;;;;;;;;125;748;;;;;388;;;26;;;;1;;;;;;;171;;6 325;;;37 294;562;;;53;;25;6 184;;;;;;;;;;;;;;;;2;7;;;;;;;;;;55;;;12;;;;;;;;;;;1 127;;;663;;;;;271;;;;7;;;3;70;135;17;;;;;;;;0;136 916;;;;;;227;;;;;813;;;;;14;;;1 177;223;;;;;;;;;;320;;;;;;;7 791;25 044;3;;;40;;;;;;;6 552;3 697;259 358
Kyrgyz Republic;;;;;;;;61;;;315;;;;;;;;84;;;;;;;;;;;;;2;;1 420;;0;0;;;;;;;;12;;;;;21;154;12;;;0;;;;;;;;;;14;97;;;;145;11 363;;;67;;;;;;;;;;;15;;;;;;29;;21 366;183;;158;;5 418;;;;;;;;;2 844;;;;;;384;1;;;;;;;;;;2;;;31;;;;;;;;;;;21;;;49;;;;;16;;;;;;;;;80;0;;;;474 882;;;;0;;;;;;;23;;;;;140;0;;;;;;;160;51;;3 611;;;;;;;;1 963;;;;;30 055;;179;3 114;1;;;;;;;;;;62 534;;621 076
Lao PDR;;;;;;;;;;;11 352;;;;;;;;1 481;;;;;;;;;;;;;1 235;;16 845;;0;0;;;2;;;;;;;;;;5;9;36;;;36;10;;;;;;;;;10;47 466;;;;;1 608;;;6;;;;;;0;;;;;41;;;;;;76;;;91;;2 603;;;;;;;;;;;;;;;;;;23;;;;;;;;;;;;;1;;;;;;;;;;;143;;;981;;;;;71;;;;1;;;1;;32;1;;;;;;;;0;;;;;;;9;;;;;527;;;;;;;;470;917;;;;77 443;;;;;;2;;;;;;;615;192 978;;;;2;;;;;;;9 531;;366 663
Latvia;;;;;;;;36;;;6 622;524;;;;;;1 334;2 043;;;;;2;;;64;;;;;0;;8 248;;0;0;;;63;;;;;9;;;;;144;133;1 984;;;23;23;;;;;3 129;;;;1 873;1 268;;;;62;13 536;;;68;;;;;;;;;;;57;49;;;;;20 690;;12 734;1 412;;55;;895;;;;;;;;;;;;;;;5 274;18;;;;;;;;;;0;;;27;;;;;;;;;;;2 994;;;285;;;;;778;;;;9;;;9;;2 430;100;;;;105 031;;;;;;;;;;;45;;;;;2 804;0;;;;;;;3 761;534;;;;;;;;;;74;;;;;;;27 061;30 167;133;;;104;;;;;;;13 700;2 760;275 177
Lebanon;;;;;;;7;1 532;2 123;;95 336;1 499;;;272;;;;4 391;42;;;;77;;;16 189;;;;;;;87 635;;6;0;;;367;;943;;;450;;;;;2 433;209;15 372;;;1 070;608;3 839;;;;;;;;508;45 455;;;;;61 588;;;3 759;;;;19;838;;;;6;;251;51;;;;1 706;375;;3 391;10 144;;99;15 120;;;;;;;;;;552;;;2 625;;;66;111;;;;;;;;;;201;;;1 694;;;;;;;;;;;3 354;1 206;;450;;;;;1 958;;;;501;;519;52;;313;83;;;1 018;;;;;0;58 261;553;;;916;;94;;;;;3 495;;;;2;186;;;24 431;4 449;;;;;;835;;;;1 268;;;;;;;15 612;130 237;386;;;5 953;;;15 624;;;;9 362;;664 073
Lesotho;;;;;;;;;;;105;;;;;;;;11;;;;;2;;;;;;;;;;208;;0;;;;;;;;;;;;;;0;5;54;;;0;;;;;;;;;;;27;;;;;147;;;3;;;;;;;;;;;10;;;;;;117;;;18;;52;;;;;;;;;;;;;;;;;;;;;;;;;;;;;;;1;;;;;;;28 799;;;;99;;;23;;;;;12;;;;;;;;;3;3;;;;;;;;;;;;;;;;;;;350 657;48;;;;;;;;25;102;;;649;;;;;;;10;;;;;;;438;396;;;;1;;;;;;;46 016;;428 039
Liberia;;;;;;;;;;;2 207;;;;;;;;392;;;;;2;;;;;;;;;;1 630;;0;8;;;9;;;;;;;74 734;;;0;9;141;;;5;33;;;;;;;;;69;840;;;;;4 202;;;31;;;;;189 437;;;;;;14;;;;;;117;;;2 439;;21;;;;;;;;;;;;;;;;;1;11;;;;;;;623;;;;;;6;;;;;;;;;;;2 127;;;39;2;;19 321;;128;;;;13;;;6;282;30;44;;;;;;;;;;;;;24 887;;3;;;;;1 074;;;;;;;;813;346;;;;;;;;;;16;;;;;;;2 097;66 652;1;;;2;;;;;;;37 453;;432 315
Libya;;;;;;;;;;;1 892;421;;;392;;;;396;3;;;;8;;;;;;;;;;3 050;;0;8;11 105;;39;;;;;;;;;;204;101;232;;;41;17;7 285;;;;;;;;124;1 521;;;;;4 469;;;293;;;;;;;;;;;244;;;;;;1 759;;28 541;1 973;;40;8 011;;;;;;;;;;;;;;;;1;18;;;41;;;;;484;;235;;;18;;;;;;;;;;;591;;;112;29;;;;192;;;;32;;;3;;392;16;;;;;;;;;;;;;;;210;;;;;1 725;;;;;1 029;;;553;806;;;;;;;;;1 083;3 442;;;;;;;12 108;10 754;2;;;101;;;;;;;3 938;;110 080
Liechtenstein;;;;;;;;;;;15;427;;;;;;;8;;;;;2;;;;;;;;;;63;;0;0;;;;;;;;;;;;;0;1;16;;;0;;;;;;;;;;;139;;;;;259;;;1 225;;;;;;;;;;;10;;;;;;2;;;53;;6;;;;;;;;;;;;;;;;;;5;;;;;;;;;;;;;1;;;;;;;;;;;3;;;;;;;;7;;;;;;;4;;3;7;;;;;;;;;;;;;;;2;;;;;146;;;;;;;;2;3 531;;;;;;;;;;0;;;;;;;30;87;;;;;;;;;;;1;115;6 171
Lithuania;;;;;;;;50;;;3 574;489;;;;;;3 807;2 099;;;;;8;;;99;;;;;2;;7 468;;0;0;;;31;;;;;12;;;;;82;168;4 330;;;27;20;;;;;1 520;;;;1 078;1 383;;;;83;17 678;;;267;;;;;;;;;;;52;126;;;;;36 754;;17 780;1 908;;175;;3 529;;;;;;;;;10 812;;;;;;;29;;;;;;;;;;2;;;101;;;;;;;;;;;3 914;;;131;;;;;1 124;;;;44;;;9;;85 057;186;;;;88 312;;;;;;;;;;;24;;;;;23 044;0;;;;;;;2 022;486;;;;;;;;;;292;;;;;;;68 694;27 853;434;;;108;;;;;;;11 739;;429 016
Luxembourg;;;;;;;;;;;210;672;;;;;;;12 496;;;;;7;;;;;;;;;;705;;0;0;;;27;;;;;;;;;;11;15;91;;;41;36;;;;;;;;;55;11 272;;;;;15 625;;;204;;;;;;;;;;;77;164;;;;;163;;;406;;23;;;;;;;;;;;;;;;;7;5;;;;;;;;;;;;;;22;;;;;;;;;;;938;;;39;;;;;135;;;;3;;;4;;119;4 672;;;;;;;;;;;;;;;8;;;;;1 653;;;;;;;;168;1 612;;;;;;;;;;52;;;;;;;1 619;3 325;7;;;3;;;;;;;25;1 071;57 787
Macao, China;;;;;;;;;;;2 733;;;;;;;;59;;;;;;;;;;;;;;;6 985;;0;0;;;17;;;;;;;;;;0;0;;;;9;10;;;;;;;;;;98;;;;;;;;;;;;;;0;;;;71 140;3;;;;;;99;;;;;;;;;;;;;;;;;;;;;;;5;;;;;;;;;;;;;10;;;;;;;;;;;86;;;174;;;;;74;;;;10;;;;;;4 064;;;;;;;;0;;;;;;;;;;;;;;;;;;;;;;;;;;;;;;;8;;;;;;;1 974;8 468;;;;;;;;;;;8;1 819;97 851
Macedonia, FYR;;6 457;;;;;;246;;;59 013;20 420;;;;;;;61;;;;;;20;;337;;;;;;;9 901;;0;0;;;10;;;;;;;;12 047;;18;538;2 689;;;9;3;;;;;;;;;280;10 498;;;;;99 646;;;1 366;;;;;;;;;;;25;0;;;;;79;;;101 539;;30;;;;;;;;;;;;;;;;92;1;304;;;;;;;;;;;;;3;;;;;;;;;;;25;;;870;;;;;1 040;;;;;;;;;248;17;;;;;;;;;;;;;;;2 883;15 650;;;;551;;;;;;;;3 601;46 581;;;;;;;;;;35 308;;;;;;;1 702;7 892;;;;4;;;;;;;5 133;;447 138
Madagascar;;;;;;;;;;;210;;;;;;;;1 608;1;;;;7;;;;;;;;;;2 363;;0;28;;;17;;;10 401;;;;;;;9;25;35;;;27;13;;;;;;;;;5;54 841;;;;;984;;;58;;;;;;;;;;;25;;;;;;27;;;1 279;;47;;;;;;;;;;;;;;;;;1;47;;;;;;;;;;;1 174;;4;;;;;;;;;;;161;;;33;;;;;551;;;;1;;;2;;13;51;;;;;;;;;;;;;;;14;;;;;594;;;;;;;;90;1 102;;;;;;;;;;1;;;;;;;1 045;1 496;;;;5;;;;;;;1 414;;79 811
Malawi;;;;;;;;;;;841;;;;;;;;71;12;;;;7;;;;;;;;;;542;;9;;;;3;;;;;;;;;;7;19;66;;;0;;;;;;;;;;3;97;;;;;189;;;;;;;;;;;;;;3;;;;;;204;;;77;;28;;;;;;;;;;;;;39;;;;;6;;;;;;;;;;;;;3;;;;;;;11 703;;;;265;;;200;;;;;41;;;;1;;;1;;1;269;;;;;;;;;;;;;;;1;;;;17 955;86;;;;;;;;57;55;;;21 042;;;;;;;4;;;;;;;20 816;2 188;;;;;;;;;17 478;98 270;20 158;;212 819
Malaysia;;;;;;;;;;;119 197;;;;;;;;611;8;;;;12;;;;81 576;;;;816;;25 477;;26;0;;;46;;;;;;;;;;39;13;555;;;54;50;2 747;;;;;;;;385;1 957;;;;;5 431;;;58;;;;12;;0;;;;;44;;12 945;;;;4 988;;;358;;8 043;2 334;;;;;1 252;;;;;;;;;;;;43;;;;;;;;;;;118;;61;;;;;;;;;;;3 358;;;15 912;;;;;470;;;;37;;;3;394;9;54;;;;;;;;0;;;;;;1 060 628;22;;219;;;731;190;;;;;;;1 294;1 419;;;;3 429;;;;;;298;;;;;;;65 571;55 007;3;;;23;;;;;;;2 881;;1 481 202
Maldives;;;;;;;;;;;315;;;;;;;;3;;;;;;;;;;;;;;;13;;0;0;;;;;;;;;;;;;0;1;3;;;0;3;;;;;;;;;2;3;;;;;81;;;7;;;;;;0;;;;;;;207;;;;9;;;32;;34;;;;;;;;;;;;;;;;;;;;;;;;;;;;;;;1;;;;;;;;;;625;9;;;98;;;;;12;;;;4;;;1;;;11;;;;;;;;0;;;;;;;2;;;;;;;;;;;;;15;40;;;;;;;;;;13;;;;;;;265;49;;;;;;;;;;;104;;1 963
Mali;;;;;;;;;;;105;;;;;;;;393;;;;;;;;;;;68 295;;;;1 090;;0;484;;;164;;;;;6 011;;440 960;;;0;16;32;;;18;3;;;;;;;;;7;68 786;;31 306;12 992;;1 323;;;14;;;;;15 276;;;;;;18;;;;;;16;;;1 082;;123;;;;;;;;;;;;;;1 619;;;;8;;;;;;;;;;12 815;;;;;;;;;;;;;;150;;;10;3;69 790;133 464;;35;;;;;;;2;;27;62;;;;;;;;;;17 502;;;835;;3;;;;;21 589;;;;;1 337;;;73;220;;;;;;2 771;;;;4;;;;;;;160;3 480;1;;;2;;;;;484;;98 799;;1 013 760
Malta;;;;;;;;;;;53 292;88;;;;;;;171;;;;;3;;;;;;;;;;9 610;;9;0;;;22;;;;;;;;;;28;8;74;;;50;30;;;;;;;;;36;907;;;;;539;;;315;;;;;;;;;;;12;;;;;;417;;;1 044;;27;;;;;;;;;;;;;;;;;1;20;;;;;;;;;;;;;6;;;;;;;;;;;270;;;427;;;;;80;;;;3;;;9;;4;32;;;;;;;;;;;;;;;9;;;;;280;;;;;;;;116;162;;;;;;;;;;49;;;;;;;26 020;11 224;;;;2;;;;;;;21;1 995;107 412
Marshall Islands;;;;;;;;;;;24;;;;;;;;;;;;;;;;;;;;;;;44;;0;0;;;;;;;;;;;;;0;1;;;;0;;;;;;;;;194;;;;;;;3;;;1;;;267;;;;;;;;;0;;;;;;;;;;10;;;;;;;;;;;;;;;;;;1;;;;;;;;;;;;;;;;;;;;;;;;7;;;20;0;;;163;;;;;0;;;1;598;;;;;;;;;;0;;;;;;;;;;;;;;;;;;;;;7;;;;;;;;;;1;;;;;;;;9 067;;;;;;;;;;;96;;10 506
Mauritania;;;;;;;;;;;19;;;;206;;;;391;3;;;;;;;;;;;;;;195;;0;59;;;2;;;;;1 207;;15 604;;;0;0;35;;;0;;;;;;;;;;;14 481;;;4 940;;878;;;3;;;;;378;569;;;;;4;;;;;;13;;;737;;18;;;;;;;;;;;;;;;;;;2;;;;;;;6 999;;;;;;7;;;;;;;;;;;338;;;;11;;17 960;;16;;;;1;;;4;;3;44;;;;;;;;;;29 600;;;;;1;;;;;10 888;;;;;154;;;28;94;;;;;;;;;;15;;;;;;;37;2 769;;;;;;;;;;;9 383;;118 099
Mauritius;;;;;;;;;;;22 914;;;;;;;;3 563;1;;;;;;;;;;;;;;11 240;;9;;;;5;;;;;;;;;;12;4;153;;;9;;;;;;;;;;45;39 958;;;;;1 316;;;41;;;;;;;;;;;16;;309;;;;297;;;12 022;;93;;;;;;;;;;;;;;;;;;104;;;378;;;;;;;;;;7;;;;;;;;;;;330;;;354;;;;;205;;;;;;;;;10;17;;;;;;;;;;;;;;;4;;;;;451;;;;;;;;175;2 215;;;728;;;;;;;8;;;;;;;41 632;1 916;;;;;;;;;;;175;;140 717
Mayotte;;;;;;;;;;;;;;;;;;;;;;;;;;;;;;;;;;;;0;;;;2;;;921;;;;;;;0;0;;;;0;;;;;;;;;;;;;;;;;;;;;;;;;;;;;;;;;;;;;;;;;;;;;;;;;;;;;;;;;;;;;;;;;;;;;;;;;;;;;;;;;;;5;;;;;;;;;;;;;;;;;;0;;;;;;;;;;;;;;;;;;;;;;;;;;;;;;;;;;;;;;;0;;;;;;;;;;;;;;;;;;;112;;1 040
Mexico;;;;;;;35;;;;2 628;942;;76;;;;;1 533;3 211;;;;15 721;;;1 266;;;;;;;58 119;;50;0;;;2 907;;2 294;;;;;;;392;56;0;702;;;2 591;3 094;;1 645;;;;;;;263;7 245;;;;;14 208;;;764;;;;13 662;;0;;99;969;;137;83;;;;;705;;;4 572;;1 899;;;;;;;;;;;;;;;;;1;73;;;;;;;;;;;;;;;;;;;;;;;;2 470;39;;420;1 131;;;;685;;;;3 389;;1 668;520;132;125;302;;;;;;;;0;;;;;;;39;;;;;48 483;;;8;;;;;1 610;3 213;;;;;;;;;;173;;;;;;;6 688;11 635 995;314;;;2 862;;;;;;;7 031;;11 859 236
Micronesia, Fed. Sts.;;;;;;;;;;;14;;;;;;;;;;;;;;;;;;;;;;;19;;0;0;;;2;;;;;;;;;;0;0;;;;0;3;;;;;;;;457;;1;;;;;3;;;;;;7 437;;;;;;;;;0;;;;;;;;;;26;;;;;;;;;;;;;;;;;;;;;;;;;;;;;;;;;;;;;;;;;;;;;56;0;;;2 712;1;;;298;0;;;1;1 148;;;;;;;;;;0;;;;;;;;;;;;241;;;;;;;;;12;;;;;;;;;;0;;;;;;;4;9 228;;;;;;;;;;;231;;21 895
Moldova;;;;;;;;60;;;736;448;;;;;;2 543;361;;;;;8;;;;;;;;2;;6 112;;0;0;;;17;;;;;15;;;;;832;827;190;;;9;13;;;;;;;;;108;727;;;;124;17 425;;;7 379;;;;;;;;;;;55;;;;;;3 335;;21 265;89 188;;140;;9 693;;;;;;;;;3 354;;;;;;536;18;;;;;;;;;;2;;;12;;;;;;;;;;;152;;;85;;;;;151;;;;4;;;4;;483;4 287;;;39 091;284 330;;;;0;;;;;;;85;;;;;17 551;0;;;;;;;265;198;;;;;;;;;;2 614;;;;;168 370;;609;25 280;5;;;1;;;;;;;61 430;;770 528
Monaco;;;;;;;;;;;105;20;;;;;;;131;;;;;;;;;;;;;;;139;;0;0;;;17;;;;;;;;;;0;2;9;;;5;;;;;;;;;;3;15 661;;;;;29;;;10;;;;;;;;;;;4;;;;;;11;;;44;;;;;;;;;;;;;;;;;;;;8;;;;;;;;;;;;;4;;;;;;;;;;;66;;;3;;;;;13;;;;;;;11;152;2;0;;;;;;;;;;;;;;;1;;;;;511;;;;;;;;22;148;;;;;;;;;;6;;;;;;;298;729;;;;3;;;;;;;24;341;18 533
Mongolia;;;;;;;;;;;315;;;;;;;;49;1;;;;2;;;;;;;;;;164;;0;0;;;2;;;;;;;;;;0;573;20;;;5;10;;;;;;;;;26;292;;;;;6 720;;;9;;;;;;0;;;;;478;;;;;;119;;;105;;4 377;;;;;;13 682;;;;;;;;;;;44;4;;;;;;;;;;;;;9;;;;;;;;;;;366;;;56;;;;;29;;;;3;;;;;393;7;;;;;;;;0;;;;;;;62;;;;;98;;;;;;;;84;189;;;;;;;;;;215;;;;;;;388;3 121;;;;;;;;;;;35;;32 051
Montenegro;;;;;;;;;;;;;;;;;;;;;;;;;;;;;;;;;;;;;;;;;;;;;;;;;;;;34;;;;;;;;;;;;;;;;;;;;;;;;;;;;;;;;;1;;;;;;;;;;;1;;;;;;;;;;;;;;;;;;;;;;;;;;;;;;;;;;;;;;;;;;;;;;;;;;;;;;;;;;;;;;;;;;;;;;;;;;;;;;;;;;;;;;;;;;;;;;;;;;;;;;;;;;;;;;;;;;;;;;0;;36
Morocco;;;;;628;;;;;;1 682;1 170;;;2 296;;;;172 682;;;;;3;;;;;;;;;;45 465;;0;27;;;146;;;;;;;;;;58;120;6 420;;;32;66;1 700;;;;;;;;1 592;840 985;;;;;108 442;;;709;;;;;;;;;3;;105;207;;;;443;589;;245 574;475 783;;369;4 926;;;;;;;;;;;;;;;;;667;;;;;;;;;;580;;;232;;;;;;;;;;;167 355;;;154;;;;;6 123;;;;68;;;16;166;178;1 909;;;;;;;;;20 584;3 194;;;;;37;;;;;778 451;;;;;620;;;6 242;10 580;;;;;;;;;6 439;527;;;;;;;12 490;84 496;46;;;827;;;;;;;2 428;;3 016 631
Mozambique;;;;;;;;;;;841;;;;;;;;371;;;;;;;;1 342;;;;;;;1 146;;0;1;;;81;;;;;;;;;;11;4;166;;;18;;;;;;;;;;36;999;;;;;3 882;;;36;;;;;;;;;;;17;;;;;;76;;;701;;18;;;;;;;;;;;;;25;;;;;178;;;;159 945;;;;;;;;;10;;;;;;;;;;;572;;;82;3;;;;128;;;;;;;1;;14;107 190;;;;;;;;143;;;;;;;8;;;;454 548;2 030;;;;;;;20 543;276;898;;;142 615;;;;;;;7;;;;;;;4 441;2 559;1;;;22;;;;;1 374;158 722;113 721;;1 179 803
Myanmar;;;;;;;;;;;15 872;;;;;;;;79;;;;;;;;;;;;;247;;5 588;;3;0;;;2;;;;;;;;;;39;4;134;;;9;10;;;;;;;;;103;705;;;;;1 036;;;38;;;;;;0;;;;;9;;52 633;;;;155;;;191;;6 813;;;;;;2 153;;;;143;;;;;;;;2;;;;;17 034;;;;;;;;;;;;;;;;;;;508;;;922;;;;;157;;;;;;;16;415;13;13;;;;;;;;0;;;;;;;1;;;;;156;;;;;;;;183;140;;;;288 487;;;;;;43;;;;;;;13 145;64 004;1;;;;;;;;;;43 464;;514 667
Namibia;;;;;;;;;;;946;;;;;;;;31;;;;;;;;;;;;;;;384;;0;;;;9;;;;;;;;;;5;7;43;;;0;3;;;;;;;;;50;116;;;;;597;;;7;;;;;;;;;;;2;;;;;;119;;;42;;5;;;;;;;;;;;;;4;;;;1;5;;;;;;;;;;;;;3;;;;;;;6 909;;;;215;;;315;;;;;96;;;;1;;;1;;5;186;;;;;;;;;;;;;;;2;;;;;118;;;;;;;;68;162;;;1 891;;;;;;;3;;;;;;;1 629;1 205;;;;1;;;;;247;;1 099;;16 532
Nepal;;;;;;;;;;;6 832;;;;;;;;344;1;;;609;;;;;7 418;;;;217;;3 847;;0;0;;;17;;;;;;;;;;49;15;170;;;0;3;;;;;;;;;168;702;;;;393;3 208;;;26;;;;;;0;;;;;19;;564 906;;;;155;;;618;;9 492;1 493;;;;;3 092;;;;;;;;;;;;35;;;;;;;;;;;;;;;;;;;;;;;;1 078;;;633;;;;339;420;;;;15;;;;767;10;47;;175 454;;;;;;0;18 282;;;;;;3;;;;;727;;;;;;;;231;448;;;;35 860;;;;;;12;;;;;;;32 265;39 991;1;;;;;;;;;;73 154;;983 567
Netherlands;;;;;328;;6;;;;95 546;6 859;;28;;;;;127 812;15;;;;27;;;3 521;500;;;;145;;130 370;;47;0;;;1 018;;283;;;;;;;;427;555;6 741;;;862;1 136;615;;;;;;;;1 255;44 785;;;;;204 466;;;4 502;;;;109;;;;;57;;1 871;351;;;;;6 289;;;10 617;;1 196;1 645;;;;;;;;;;;;;;;63;18;3 928;;;;;;;;;;43;;;1 137;;;;;;;;;;;;8 252;;24 175;143;;;;6 383;1 571;;;159;381;41;159;285;1 066;4 583;;;;;;;;;;;;;;;310;145;;;;57 851;;;31;;;10 154;;6 242;18 821;;;;1 079;;;;;;24 450;;;;;;;56 204;87 311;99;;;544;;;;;;;5 830;17 471;992 913
Netherlands Antilles;;;;;;;41;;;;159;;;;;;;;371;;;;;359;;;;;;;;;;699;;18;0;;;7;;;;;;;;;;2;3;;;;81;56;;;;;;;;;2;89;;;;;;;;11;;;;;;0;;;;;1;0;;;;;16;;;;;;;;;;;;;;;;;;;;;;;9;;;;;;;;;;;;;21;;;;;;;;;;;90 051;;;58;;;;;48;;;;206;;;;;2;178;;;;;;;;0;;;;;;;1;;;;;;;;378;;;;;;;;;;;;;;;;10;;;;;;;1 525;4 623;;;;752;;;;;;;231;1 856;101 862
New Caledonia;;;;;;;;;;;1 456;;;;;;;;;;;;;2;;;;;;;;;;;;0;0;;;7;;;;;;;;;;0;0;;;;9;3;;;;;;;;46;;;200;;;;;;;;;;;;;;;;;;;0;;;;;;;;;;;;;;;;;;;;;;;;;;;;;;;;;;;;;;;;;;;;;;;;;;;;8;;;236;0;;;;;;;;1;;;;;;;;;;;;;;0;;;;;;;;;212;;;;;;;;;;;;;;;;;;;;;;0;;;;;;;;;;;17;;;;;;;;36;36;2 269
New Zealand;;;;263;;;9;;;;486 982;320;;18;;;;;401;4;;;;40;;;;241;;;;;;10 960;;70;0;;;216;;;;;;;;68;;81;35;618;;;9;155;;;;;;;;1 641;148;1 220;;;;;2 421;;;352;;;;;;;;;2;;95;85;;;;;3 487;;;417;;3 645;;;;;;1 213;;;;;;;;;;;;39;;;;;2 783;;;;1;;;;112;;;;;;;;;;414;3 596;13;;;0;;;;502;;;;52;1 008;13;23;132;53;68;;;;;;2 820;;0;;;;;;;44;;232;;528;1 052;;;;;;;;925;1 288;;;;6 387;;;;;;325;;;;;;;54 122;19 402;10;;98;9;;;;;;;2 093;11 262;624 623
Nicaragua;;;;;;;;;;;841;;;6;;;;;211;381;;;;131;;;503;;;;;;;10 588;;910;0;;;418;;460;;;;373 548;;;262;12;16;170;;;618;538;;7 507;;;;;;;84;516;;;;;937;;;37;;;;6 668;;0;;47;4 802;;20;;;;;;52;;;485;;69;;;;;;;;;;;;;;;;;;4;;;;;;;;;;;;;3 684;;;;;;;;;;;358;;;20;;;;;159;;;;7 123;;23;97;;15;25;;;;;;;;0;;;;;;;15;;;;;11 540;;;;;;;;564;310;;;;;;;;;;2;;;;;;;295;242 886;31;;;1 785;;;;;;;49 467;;729 242
Niger;;;;;;;;;;;19;;;;;;;;285;15;80 789;;;;;;;;;19 885;;;;271;;35;422;38 468;;17;;;;;;;84 705;;;9;6;9;;;5;13;;;;;;;;;21;3 863;;;;;1 314;;;30;;;;;1 369;;;;;;5;;;;;;16;;;1 238;;8;;;;;;;;;;;;;;;;;1;7;;;;;;;5 836;;;256;;;;;;;;;;;;;;273;;;3;;;87 529;;13;;;;;;;1;;1;0;;;;;;;;;;;;;;;1;;;;;216;;;;;660;;;18;92;;;;;;17 315;;;;3;;;;;;;127;1 329;;;;;;;;;;;40 831;;387 330
Nigeria;;;;;;;32;;;;3 364;3 807;;86;;;;;2 009;92;47 553;;;18;;;;;;;;;78 292;17 118;155;15;1 497;114 025;;33;;;;;;;38 867;;;270;70;833;;;63;69;988;;1 323;;;;;;500;2 920;;15 351;;;22 987;;;2 870;;;;;894;;;;;;295;67;673;;;;24 383;;;52 845;;2 552;;;;;;;;;;;;;;2 003;;;3;28;;;;;;;1 691;;;;;;45;;;;;;;;;;;5 490;;;571;14;30 056;;;745;;;;21;;;6;400;271;206;;;;;;;;;14 976;;;;2 350;;40;;;;;38 775;;;8;;34 273;;;1 130;1 664;;;;;;19 361;;;;328;;;;;;;150 918;210 647;4;;;76;;;;;348;;47 162;;1 000 523
Northern Mariana Islands;;;;;;;;;;;9;;;;;;;;;;;;;;;;;;;;;;;;;0;0;;;;;;;;;;;;;0;5;;;;0;;;;;;;;;112;;;;;;;1;;;13;;;2 325;;;;;;;;;0;;;;;;;;;;;;;;;;;;;;;;;;;;;;;;;;;;;;;;;;;;;;;;;;;;;;1;;;4;0;;;;;;;196;0;;;;742;1;;;;;;;;;0;;;;;;;;;;;;;;;;;;;;;;;;;;;;;;;3;;;;;;;;5 247;;;;;;;;;;;128;144;8 933
Norway;;;;;;;19;;;;4 835;970;;10;;;;;1 727;4;;;;116;;;144;;;;;;;6 106;;0;0;;;555;;;;;;;;;;179;108;18 257;;;99;324;;;;;;;;;1 545;3 233;;;;;10 139;;;760;;;;;;;;;7;;703;1 843;;;;;991;;;1 196;;428;;;;;;;;;;;;;;;;11;24;182;;;;;;;;;;;;;196;;;;;;;;;;;2 395;8;;515;54;;;;;;;;10;;14;51;1 464;357;399;;;;;;;;;;;;;;;121;;;;;19 198;10;;;;;;;47 432;2 040;;;;2 140;;;;;;3 982;;;;;;;17 694;26 907;11;;;70;;;;;;;1 125;3 229;183 936
Oman;;;;;;;0;;;;1 261;;;;710;;;;8;;;;;2;;;;;;;;;;966;;0;0;;;9;;;;;;;;;;56;0;25;;;0;10;587;;;;;;;;3;35;;;;;91;;;3;;;;;;;;;;;7;;;;;;47;;;10;;27;5 237;;;;;;;;;;;;;;;;;1;;;;;;;;;;;;;1;;;;;;;;;;;451;;;312;;;;;23;;;;;;;1;;4;31;;;;;;;;0;;;;;;;7;;;;;57;;;;;77;;;18;19;;;;;;;;;;29;;;;;;;2 681;1 644;;;;1;;;;;;;721;161;15 337
Pakistan;;;;;;;0;;;;22 179;2 871;;;57 251;22 308;;;8 236;18;;;;42;;;173;765;;;;198;;155 159;;135;0;;;286;;;;;;;;;;458;94;13 562;;;248;73;853;;;;;;;579;681;21 051;;;;1 655;46 253;;;24 537;;;;20;;0;;;;;93;28;1 150 952;;18 720;588;8 598;;3 461;64 161;;9 440;26 776;;;;;5 378;;122 878;;;387;;;;;;20;89;;;2 728;;16 477;;;;;;;;86;;;;;;;9 227;3 602;;21 324;11 113;;;2 418;28;;;;21 284;94 993;;;75;;15;19;1 534;64;1 210;;250 649;;;;;;0;1 005 873;;;;150;22 932;43;;;;;54 576;133;;;;350;;;4 493;2 427;;;1 711;7 764;;;;;;1 275;;;;;;453 005;451 712;288 011;3;;;10;;;;;;;156 165;;4 678 730
Palau;;;;;;;;;;;24;;;;;;;;;;;;;;;;;;;;;;;;;0;0;;;5;;;;;;;;;;0;1;;;;0;3;;;;;;;;68;;;;;;;1;;;7;;;1 421;;;;;;;;;0;;;;;;;;;;25;;;;;;;;;;;;;;;;;;;;;;;;;;;;;;;101;;;;;;;;;;;;;;7;0;;;1 614;1;;;;0;;;;1 677;;;;;;;;;;0;;;;;;;;;;;;;;;;;;;;;2;;;;;;;;;;2;;;;;;;4;2 781;;;;;;;;;;;225;;7 971
Panama;;;;;;;;;;;210;;;13;;;;;145;53;;;;148;;;561;;;;;;;3 213;;164;0;;;905;;1 661;;;;16 947;;;;18;10;56;;;1 043;1 321;;434;;;;;;;24;414;;;;;420;;;68;;;;234;;0;;;246;;16;;;;;;27;;;499;;74;;;;;;;;;;;;;;;;;1;11;;;;;;;;;;;;;2 389;;;;;;;;;;;267;;;39;541;;;;48;;;;;;40;201;;26;169;;;;;;;;0;;;;;;;6;;;;;4 850;;;8;;;;;256;328;;;;;;;;;;16;;;;;;;652;98 009;65;;;936;;;;;;;3 359;;141 141
Papua New Guinea;;;;;;;;;;;29 957;;;;;;;;48;;;;;2;;;;;;;;;;510;;3;0;;;7;;;;;;;;;;0;2;12;;;0;3;;;;;;;;1 016;7;138;;;;;40;;;3;;;;;;;;;;;2;0;;;;;2;;;68;;75;;;;;;;;;;;;;;;;;;;;;;;;;;;;;;;1;;;;;;;;;;;129;;21 008;1 368;0;;;;39;;;;0;;;4;465;1;4;;;;;;89;;0;;;;;;;1;;1 811;;;57;;;;;;;;25;201;;;;;;;;;;2;;;;;;;1 400;2 268;;;12;2;;;;;;;413;;61 197
Paraguay;;;;;;;;307 510;;;420;;;;;;;;263;90;;;;5 367;;;28 999;;;;;;;8 766;;3;0;;;2 094;;173;;;;;;;;9;31;66;;;90;334;;;;;;;;;12;865;;;;;1 286;;;65;;;;46;;0;;12;22;;17;;;;;;72;;;1 192;;2 585;;;;;;;;;;;;;;;;;3;12;;;;;;;;;;;;;327;;;;;;;;;;;170;;;39;15;;;;118;;;;55;;;140;74;11;34;;;;;;;;0;;;;;;;3;;;;;78 528;;;;;;;;165;451;;;;;;;;;;9;;;;;;;653;26 121;1 310;;;218;;;;;;;41 993;;510 839
Peru;;;;;;;;83 498;;;8 199;1 147;;36;;;;;2 441;15;;;;14 794;;;10 880;;;;;;;25 710;;21;0;;;64 870;;4 054;;;;;;;;28;69;817;;;2 970;18 764;;224;;;;;;;328;7 514;;;;;12 620;;;190;;;;356;;0;;58;238;;127;;;;;;317;;;92 001;;60 385;;;;;;;;;;;;;;;;;;317;;;;;;;;;;4;;;5 461;;;;;;;;;;;3 140;;;545;271;;;;985;;;;3 904;;1 521;;638;125;288;;;;;;;;0;;;;;;;45;;;;;184 832;;;;;;;;6 190;6 110;;;;;;;;;;60;;;;;;;5 386;392 455;457;;;35 577;;;;;;;30 096;;1 091 079
Philippines;;;;759;414;;;;;;151 676;11 607;;132;28 625;;;;8 195;25;;;;57;;;;15 861;;;;728;;352 955;;132;0;;;140;;;;;;;;;;6 364;34;7 992;;;172;172;1 531;;;;;;;;1 438;7 599;;;;;35 298;;;5 992;;;34 748;51;;0;;;;;58;1 701;;;;;14 078;;;137 407;;204 929;31 627;;;;;28 700;;86 015;;;;;;;;;1;396;10 343;;;;277 444;;;;6;;;;457;;;;;;;;;;;9 524;;;16 719;6;;;19 527;10 148;15 250;;2 647;644;;23;204;;50;360;;125 324;;;;;;0;558 818;;;;;;14;;242;;;37 013;;;;;;;;7 858;9 060;;;;3 360;251;;;;;654;;;;;;120 801;114 489;1 717 771;13;;;85;;;;;;;38 895;;4 275 612
Poland;;;;;;;;12 964;;;64 118;76 465;;8;;;;235 853;42 984;1;;;;277;7;;7 505;;;;;;;198 476;;12;0;;;740;;205;;;;;;;;623;24 958;23 640;;;709;429;237;;;;;;;;2 234;122 152;;;;;613 768;;;37 695;;;;;;;;;3;;3 527;3 621;;;;;93 330;;117 287;117 309;;945;;23 512;;;;;;;;;779;;;;;;2 424;1 203;;;;;;;;;;;;;1 396;;;;;;;;;;;42 099;;;2 192;25;;;;9 748;;;;118;;329;165;95;;505;;;;;;;;;;;;;;;4 555;192;;;;86 971;;;;;;;;61 888;11 985;;;;;;;;;;3 826;;;;;;;521 446;487 934;1 276;;;714;;;;;;;35 446;52 608;3 155 509
Portugal;;;;;9 014;19 629;;;;181;19 130;1 242;;8;;;;;26 493;5;;1 974;;47;;;214 511;;;;;;;175 072;1 007;6;0;;;435;;;;;565;;;;;58;39;1 104;;;239;502;;;;;;;;;242;762 411;;;;;182 710;;;199;;;;21;234;764;;;6;;184;231;162;;;;2 234;;;6 296;;446;;;;;;;;;;;;;;;;494;2;49 861;1 365;;;;;;;;;;;;402;;;;;;;68 176;;;;12 846;1 177;;213;17;;;;1 105;;;;200;;39;47;102;64;;;;;;;;;585;;;;;;;33;;;;;156 062;;;;;;;;3 070;113 320;;;;380;;;;;;252;;;;;;;84 306;176 694;613;;;53 035;;;;;;;43 820;33 936;2 229 620
Puerto Rico;;;;;;;42;;;;105;;;;;;;;47;;;;;64;;;;;;;;;;365;;59;0;;;300;;444;;;;;;;120;4;7;;;;13 075;687;;;;;;;;;;288;;;;;;;;17;;;198;80;;0;;;80;;4;;;;;;31;;;;;;;;;;;;;;;;;;;;;;;1;;;;;;;;;;;;;2 563;;;;;;;;;;;105;89;;16;66;;;44;19;;;;489;;36;77;68;1;0;;;;;;;;0;;;;;;;1;;;;;;;;16;;;;;;;;;;;;;;;;7;;;;;;;405;1 651 031;27;;;519;;;;;;;2 271;31 338;1 705 207
Qatar;;;;;;;0;;;;631;;;;209;;;;11;;;;;8;;;;;;;;;;1 560;;3;0;;;;;;;;;;;;;12;27;55;;;0;;490;;;;;;;;9;224;;;;;119;;;6;;;;;;;;;;;21;;;;;;130;;;5;;16;1 842;;;;;;;;;;;;;;;;;;;;;;;;;;;20;;;;;;;;;;;;;;37;;;79;;;;;31;;;;;;;1;;6;6;;;;;;;;0;;;;;;;2;;;;;60;;;;;59;;;45;15;;;;;;;;;;37;;;;;;;1 407;2 237;;;;1;;;;;;;298;132;9 849
Romania;;;;;;;;;;;17 449;56 932;;23;;;;;21 634;;;;;67;2;;3 548;;;;;;;96 209;;6;0;;;630;;179;;;;;;;;4 774;12 083;4 186;;;45;416;;;;;;;;;1 210;54 305;;;;476;134 911;;;45 289;;;;;;;;;;;189 055;171;;;;;12 682;;182 099;813 037;;2 660;2 236;;;;;;;;;;;;;;;;20;683;;;;;;;;;;32;;;357;;;;;;;;;;;8 716;;;2 497;;;;;2 045;;;;106;;;179;192;3 632;3 954;;;;;;;;;;;;;;;2 751;369;;;;810 471;;;;;;;;16 184;7 914;;;;;;;;;;23 232;;;;;;;53 081;171 253;424;;;675;;;;;;;3 973;;2 769 053
Russian Federation;;49;;;;;;2 009;32 993;;20 076;8 683;50 007;23;;;;680 497;32 679;4;;;;553;4;;3 960;;;;;76;;74 655;;3;0;;;1 047;;541;;;489;;;;1 979;11 484;13 470;5 119;;;429;2 047;2 513;;;;137 860;;;;17 534;43 042;;;;109 968;299 596;;;37 980;;;;;470;;;;16;;677;1 514;;;;358;6 737;;712 261;27 986;;7 431;4 911;2 226 706;;;;2 370;;;87 762;;203 920;;;;;;60 302;548;;;160;;;;;;;55;;;1 895;;147 802;;4 207;;;;;;;5 876;;;4 012;473;;;;8 431;;;;593;;564;617;101;58 851;3 287;;;7 760;;;;;55;;;;;;;3 638;1 434;;;;61 358;9;;;;;;;13 560;7 435;;191 754;;;;;;;;22 246;64 452;;;;3 684 217;;33 306;421 459;405;404 356;;507;;;;;;;944 471;;11 034 681
Rwanda;;;;;;;;;;;315;;;;;;;;11 498;;;;;2;;;;;;;33 540;;;4 005;;0;35;;;9;;;;;;;;;;2;13;225;;;0;10;;;;;;;;;50;2 898;;;;;1 279;;;159;;;;;;;;;;;36;;;;;;166;;;1 770;;29;;;;;;;;;;;;;;;;;1;79;;;;;;;;;;;;;;;;;;;;;;;;1 120;;;66;;;;;351;;;;;;;1;;7;145;;;;;;;;;;;;;;;2;;;;;607;;;;;;;;210;783;;;49 536;;;;;;;18;;;;123 860;;;3 143;2 614;;;;;;;;;;;25 060;;263 641
Samoa;;;;20 245;;;;;;;18 605;;;;;;;;4;;;;;;;;;;;;;;;94;;6;0;;;5;;;;;;;;;;0;2;15;;;5;;;;;;;;;681;;24;;;;;66;;;1;;;;;;;;;;;1;0;;;;;43;;;94;;70;;;;342;;;;;;;;;;;;;;;;;;;;;;;;;;;10;;;;;;;;;;;16;;;55 401;0;;;;3;;;;4;;;1;;;4;;;;;;;;0;;;;;;;1;;;;;6;;;;;;;;25;12;;;;;;;50;;;18;;;;;;;166;21 813;;;;;;;;;;;2 586;;120 419
San Marino;;;;;;;;;;;5;;;;;;;;20;;;;;;;;;;;;;;;19;;0;0;;;3;;;;;;;;;;0;4;;;;0;;;;;;;;;;;236;;;;;43;;;9;;;;;;;;;;;4;;;;;;;;;2 048;;1;;;;;;;;;;;;;;;;;;;;;;;;;;;;;;;;;;;;;;;;;;;;;;;;;;4;;;;1;;;1;;4;1;;;;;;;;;;;;;;;;;;;;19;;;;;;;;6;18;;;;;;;;;;0;;;;;;;12;593;;;;;;;;;;;1;58;3 111
São Tomé and Principe;;;;;;11 532;;;;;14;;;;;;;;29;;;;;;;;;;;;;;;19;4 061;0;;;;;;;;;;;;;;0;1;;;;9;;;;;;;;;;;247;;;;;56;;;3;;;;;;;;;;;;;;;;;;;;51;;;;;;;;;;;;;;;;;;;;7;;;;;;;;;;;;;3;;;;;;;;;;;125;;;3;;;;;;;;;;;;1;;4;17 612;;;;;;;;;;;;;;;2;;;;;248;;;;;;;;11;48;;;;;;;;;;0;;;;;;;135;68;;;;;;;;;;;1 889;;36 179
Saudi Arabia;;;;;;;0;;;;5 571;301;;;6 455;;;;231;1;;;;10;;;;;;;;;;13 533;;9;0;;;31;;;;;;;;;;205;17;259;;;36;122;12 303;;;;;;;;345;1 580;;;;;1 176;;;236;;;;25;670;;;;;;41;;4 658;;;810;1 049;;;193;;483;41 418;;;;;;;;;;;;;;;;4;7;;;;;;;;;;517;;;173;;;;;;;;;;;1 176;;;686;3;;;;333;;;;55;;10;13;1 092;26;52;;;;;;;;0;;;;;;;93;;;;;807;;;;6;590;;;1 125;499;;;;;;;;;;4 924;;;;;;;22 898;40 480;7;;;1 166;;;;;;;8 310;1 893;178 712
Senegal;;;;;;;;;;;315;;;;;;;;1 940;;;;;3;;;;;;;;;;2 567;679;0;1 652;;;10;;;;;5 393;;33 250;;;9;31;110;;;5;;389;;;;;;;;69;91 446;;21 959;177 306;;3 975;;;74;;;;;6 652;9 807;;;;;13;;;;;;65;;;81 424;;272;;;;;;;;;;;;;;274;;;1;75;;;;;;;11 895;;;64 557;;;21;;;;;;;;;;;899;;;10;102;;4 748;;145;;;;;;;1;;26;890;;;;;;;;;;;;;744;;23;;;;;51 672;;;;;271;;;353;1 130;;;;;;;;;;76;;;;;;;958;16 745;2;;;7;;;;;408;;41 185;;636 633
Serbia;;;;;;;;;;;;130 844;;;;;;;;;;;;;;;;;;;;;;;;;;;;;;;;;;;;;;;;300;;;;;;;;;;;;;;22 526;;;;;;;;;;;;;;;;;;;;;;;;;;;;;;23;;;;;;;;;;;;;;;;;;;;6 433;;;;;;;;;;;;;;;;;;;;;;;;;;;;;;;;;;;;;;;;;;;;;;;;;;;;;;;;;;;;;;;;;;;;;;;;;;;;;;;;;;;;;;;35 107;;;;;;;;;;;779;;196 013
Seychelles;;;;;;;;;;;3 153;;;;;;;;103;;;;;2;;;;;;;;;;1 030;;3;;;;;;;;;;;;;;9;2;27;;;0;;;;;;;;;;3;436;;;;;327;;;37;;;;;;;;;;;;;;;;;36;;;850;;8;;;;;;;;;;;;;;;;;;1;;;9;;;;;;;;151;;4;;;;;;;;;;;83;;;75;;;;;19;;;;;;;1;;2;3;;;;;;;;;;;;;;;4;;;;;79;;;;;;;;64;220;;;768;;;;;;;1;;;;;;;3 848;841;;;;;;;;;;;113;;12 314
Sierra Leone;;;;;;;;;;;2 523;;;;;;;;552;3;;;;;;;;;;;;;;3 260;;6;4;;;;;;;;;;992;;;5;4;375;;;23;10;;;;;;;;;74;781;;;3 573;;8 407;;;398;;;;;157 067;;;;;;21;;;;;;719;;;1 507;;42;;;;;;;;;;;;;;12 086;;;;4;;;;;;;1 306;;;;;;1;;;;;;;;;;;4 659;;;59;;;3 836;;377;;;;;;;3;;7;62;;;;;;;;;;;;;;;4;;;;;1 286;;;;;;;;538;518;;;;;;;;;;10;;;;;;;22 898;17 549;;;;;;;;;;;21 659;;267 208
Singapore;;;;;;;;;;;52 871;;;;;;;;465;5;;;;8;;;;3 033;;;;581;;11 507;;12;0;;;70;;;;;;;;;;28;14;490;;;23;36;232;;;;;;;;103;1 855;;;;;1 753;;;60;;;;7;;0;;;;;32;;4 400;;;;672;;;221;;2 510;;;;;;;;;;;;;;;;;1;54;;;;;103 318;;;;;;71;;63;;;;;;;;;;;3 004;;;5 313;;;;;609;;;;31;;;4;288;20;37;;;;;;;;0;;;;;;;9;;;;;693;73;;;;;;;584;979;;;;2 134;;;;;;223;;;;;;;41 632;40 380;1;;;14;;;;;;;13 508;3 203;297 234
Slovak Republic;;;;;;;;;;;5 676;23 971;;;;;;;1 219;;;;;42;4;;395;;;;;;;13 530;;3;0;;;93;;;;;;;;;;119;288 276;641;;;14;69;;;;;;;;;196;5 192;;;;;39 010;;;638;;;;;;;;;;;2 933;6;;;;;12 140;;8 665;9 704;;224;;;;;;;;;;;;;;;;;9;111;;;;;;;;;;;;;34;;;;;;;;;;;2 000;;;289;;;;;606;;;;12;;12;28;;1 718;42;;;;;;;;;;;;;;;;;;;;8 271;;;;;;;;4 162;4 193;;;;;;;;;;353;;;;;;;49 959;25 356;14;;;7;;;;;;;131;9 648;519 716
Slovenia;;;;;;;;263;;;8 094;17 757;;;;;;;23;;;;;13;28;;337;;;;;;;11 013;;0;0;;;70;;;;;;;;25 642;;16;262;207;;;5;33;;;;;;;;;60;10 860;;;;;33 449;;;97;;;;;;;;;;;100;0;;;;;199;;;4 026;;51;;;;;;;;;;;;;;;;68;1;100;;;;;;;;;;;;;49;;;;;;;;;;;36;;;177;;;;;83;;;;6;;;;;155;44;;;;;;;;;;;;;;;155;;;;;1 127;;;;;;;;927;4 379;;;;;;;;;;164;;;;;;;1 627;7 578;18;;;44;;;;;;;125;2 433;131 895
Solomon Islands;;;;;;;;;;;1 997;;;;;;;;4;;;;;;;;;;;;;;;44;;3;0;;;;;;;;;;;;;0;1;3;;;0;;;;;;;;;85;;7;;;;;7;;;6;;;;;;;;;;;;0;;;;;2;;;3;;26;;;;;;;;;;;;;;;;;;;;;;;;;;;;;;;;;;;;;;;;;;13;;1 936;571;0;;;;4;;;;0;;;;;;;;;;;;25;;0;;;;;;;;;;;;3;;;;;;;;4;15;;;;;;;;;;2;;;;;;;409;192;;;9;;;;;;;;15;;5 385
Somalia;;;;;;;;;;;5 571;;;;561;;;;865;;;;;;;;;;;;;;;22 718;;0;12;;;;;;;;;;;;;11;6;13 230;57 246;;5;;36 258;;;;;161 179;;;6 464;1 503;;;;;11 144;;;40;;;;;;;;;;;105;;;;;;1 004;;;8 110;;3;;;55 246;;;;;;;;;;;;;;2;13;;;;;;;;;;;;;4;;;;;;;;;;;13 521;;;2 031;22;;;;15 465;;;;;;;4;;13;8;;;;;;;;;27 252;;;;;;11;;;;;438;;;;;2 273;;;17 948;3 350;;;2 473;;;;;;;28;;;;;;;110 326;109 618;3;;;2;;;;79 466;;;47 723;;813 273
South Africa;;;;;;;105;;;;132 756;2 521;;81;;;;;3 630;23;;;;34;;;;;;;;;;47 470;;47;1;;;427;;;;;;;;;;4 384;156;1 350;;;361;168;224;;;;;;;;357;3 409;;;;;8 027;;;2 365;;;;;;;;;3;;228;140;;;;;11 314;;;2 069;;599;;;;;;;;;;;;;3 222;;;;;205;;;;5 251;;;;;;;2 421;;112;;;;;;;154 579;;35 238;;12 325;;;45 587;5;;;;1 139;;;;35;;144;8;;280;15 789;;;;;;;;;;;;;;;121;;;;;2 602;;;;;;;10 312;1 706;5 097;;;1 646;;;;;;;332;;;;;;;225 856;81 142;29;;;43;;;;;3 879;18 335;28 683;;878 373
Spain;;;;;34 925;;2;127 165;;;15 767;2 708;;45;;;;;37 664;18;;;;2 431;;;43 871;;;;;;;11 979;;35;0;;;15 563;;5 327;;;;;;;4 715;137;172;4 012;;;10 968;10 283;251;513;855;;;;;;1 502;364 177;;;;;169 550;;;197;;;;1 028;;;;;325;;602;355;;;;;9 143;;;22 565;;1 775;2 509;;;;;;;;;;;;;105;;406;13;2 535;;;;;;;;;;146;;;30 580;;;;;;;;;;;18 072;56;;518;681;;;;2 592;;;;3 638;;918;2 547;104;845;19 693;;;;;;;;;;;;;;;242;;;;;;;;;;;;;6 630;69 220;;;;;;;;;;1 355;;;;;;;70 775;82 440;18 705;;;75 526;;;;;;;43 494;18 054;1 373 024
Sri Lanka;;;;;;;;;;;78 098;;;8;;;;;737;22;;;;7;;;;1 369;;;;224;;123 012;;3;0;;;15;;;;;;;;;;8 723;31;8 462;;;0;13;;;;;;;;;620;43 712;;;;;47 813;;;1 227;;;;;;0;;;;;23;244;161 472;;;;503;;;79 400;;8 791;102 709;;;;;8 072;;208 893;;;661;;;;;;1;48;;;;;4 453;;;;;;;;46;;;;;;;;;;722;9 727;;;7 938;;;;;11 561;40 711;;;12;;;16;189;27;18;;87 727;;;;;;0;391 173;;;;;3 016;4;;;;;905;;;;;;;;7 388;25 186;;;;27 015;;;;;;43;;;;;;161 068;113 448;34 572;;;;2;;;;;;;35 949;;1 847 829
St. Kitts and Nevis;;;;;;;353;;;;28;;;12;;;;;;;;;;;;;;;;;;;;2 759;;9;0;;;;;;;;;;;;;0;5;1;;;113;3;;;;;;;;;2;8;;;;;4;;;6;;;;;;0;;;;;7;;;;;;;;;;;2;;;;;;;;;;;;;;;;;;;;;;;;;;;;;;;;;;;;;;;;;;69;659;;3;;;;;1;;;;1;;;4;;;0;;;;;;;;0;;;;;;;1;;;;;;;;24;;;;;2;4;;;;;;;;;;1;;;;;;;8 635;11 456;;;;4;;7 736;;;;;61;;31 974
St. Lucia;;;;;;;502;;;;24;;;52;;;4 314;;7;1;;;;;;;;;;;;;;4 098;;15;0;;;111;;;;;;;;;;0;2;1;;224;415;13;;;;;;;;;2;174;;;;;187;;;;;;;;;0;361;;;;4;;;;;;13;;;13;;9;;;;;;;;;;;;;;;;;;;;;;;;;;;;;;;51;;;;;;;;;;;46;2;;17;;;;;7;;;;1;;;;;;0;;;;;;;;0;;;;;;;;;;;;416;;;;242;;;;34;70;;;;;;;;803;;6;;;;;;;10 947;13 278;;;;19;;3 777;;;;;236;;40 494
St. Vincent and the Grenadines;;;;;;;680;;;;47;;;20;;;4 782;;1;4;;;;;;;;;;;;;;10 238;;38;0;;;9;;;;;;;;;;2;1;;;;5;;;;;;;;;;3;24;;;;;49;;;84;;;;;;0;;;5;;3;;;;;;4;;;3;;8;;;;;;;;;;;;;;;;;;;;;;;;;;;;;;;1;;;;;;;;;;;57;149;;16;;;;;3;;;;1;;;1;;;0;;;;;;;;0;;;;;;;;;;;;35;;;134;;;;;16;28;;;;;;;;6 897;;0;;;;;;;9 392;8 274;;;;95;;;;;;;113;;41 225
Sudan;;;;;;;;;;;24 281;501;;;2 703;;;;288;;;;;;;;;;;;;;;14 656;;9;1 659;38 769;;7;;;;;;;;;;458;68;456;;;14;7;5 621;;;;;9 157;;;108;1 503;;;;;6 060;;;1 186;;;;;;;;;;;144;;;;;3 479;1 296;;;2 738;;187;20 766;;73 076;;;;;;;;;;;;;;;4;;;;;;;;;;101;;;6;;;;;;;;;;;4 662;;;574;;;;;797;12 626;;;3;;;1;;66;28;;;;;;;;;279 409;;;;;;79;;;;;747;;;;;;;;1 008;541;;;;;;;;;;254;;;;191 103;;30 200;14 134;39 573;;;;7;;;;126 109;;;56 913;;968 141
Suriname;;;;;;;15;;;;105;;;;;;;;693;;;;;;;;233;;;;;;;1 083;;3;0;;;5;;;;;;;;;;5;2;35;;;153;26;;;;;;;;;5;244;;;;;56;;;1;;;;;;0;3 161;12;1;;13;;;;;;18;;;10;;17;;;;;;;;;;;;;;;;;;12;;;;;;;;;;;;;9;;;;;;;;;;;187 219;2 805;;23;;;;;31;;;;12;;4;2;;34;13;;;;;;;;0;;;;;;;2;;;;;206;;;31;;;;;27;86;;;;;;;;;;19;;;;;;;350;7 182;;;;17;;;;;;;448;;204 431
Swaziland;;;;;;;;;;;315;;;;;;;;79;;;;;;;;;;;;;;;246;;0;;;;3;;;;;;;;;;0;2;54;;;0;3;;;;;;;;;12;9;;;;;91;;;6;;;;;;;;;;;4;;;;;;61;;;17;;1;;;;;;;;;;;;;59;;;;;;;;;;;;;;;;;;;;;;;;;4 118;;;;81;;;56;;;;;25;;;;;;;1;;1;233;;;;;;;;;;;;;;;1;;;;135 720;16;;;;;;;;18;56;;;226;;;;;;;86;;;;;;;1 143;766;;;;2;;;;;;;16 974;;160 485
Sweden;;;;;70;;36;;;;10 196;4 200;;30;;;;;5 322;1;;;;211;;;718;;;;;;;7 968;;12;0;;;2 142;;146;;;;;;302;;806;212;16 439;;;551;479;260;;;;;;;;33 651;9 863;;;;;27 316;;;3 461;;;;37;;;;;19;;1 152;3 408;;;;;2 661;;;12 740;;1 463;;;;;;;;;;;893;;;233;;24;33;1 177;;;;;;;;;;;;;628;;;;;;;;;;;3 856;;;1 283;68;;;;47 908;;;;75;;29;102;152;742;1 045;;;;;;;;;;;;;;;145;87;;;;24 312;253;;;;;;;;7 719;;;863;1 781;;;;;;5 977;;;;;;;21 857;42 665;272;;;123;;;;;;;1 839;5 593;317 605
Switzerland;;;;;100;;;;;;14 505;15 308;;144;;;;;5 699;14;;;;642;;;2 962;;;;;;;23 230;;97;0;;;1 700;;547;;;;;;881;;335;389;1 731;;;3 191;2 688;323;;;;;;;;1 056;68 786;;;;;59 479;;;496;;;;119;;;;;38;;1 737;168;;;;;1 981;;;4 487;;1 060;1 645;;;;;;;;;;;;;;;4 214;13;941;;;189;;;;;;;24;;;2 185;;;;;;;;;;;6 138;;;3 295;117;;;;2 192;;;;243;;258;423;460;453;18 186;;;;;;;;;;;;;;;517;163;;;;76 127;59;;;;;;;3 099;;;;;2 650;;;;;;11 617;;;;;;;15 612;31 195;224;;;567;;;;;;;3 982;6 898;407 581
Syrian Arab Republic;;;;;;;21;2 223;6 065;;9 040;2 168;;;1 254;;;;2 925;;;;;22;;;3 305;;;;;;;21 885;;0;0;;;557;;109;;;;;;;;2 875;441;2 271;;;113;89;;;;;;;;;330;16 224;;;;;40 356;;;10 622;;;;61;;;;;3;;861;30;;;;5 228;315;;15 637;4 602;;173;288 982;;;;;;;122 878;;;;;;;33 326;;4;39;;;;;;;;;;237;;;472;;;;;;;;;;;6 701;;;387;5;;;;1 268;;;;239;;39;15;;633;49;;;7 346;;;;;0;111 764;1 358;;;;;256;;;;;5 454;;;;4;660;;;19 391;1 658;;;;;;;;;;6 006;;;;;;;5 521;67 370;288;;;12 220;;;34 857;15 145;;;50 722;;945 099
Tajikistan;;;;;;;;74;;;105;;;;;;;;28;;;;;5;;;174;;;;;2;;652;;0;0;;;;;;;;15;;;;;9;65;17;;;0;;;;;;;;;;27;26;;;;207;1 484;;;14;;;;;;;;;;;4;;;;;;40;;26 325;23;;21;;12 775;;;;;;;6 203;;3 504;;;;;;327;2;;;;;;;;;;2;;;7;;;;;;;;;;;141;;;20;;;;;60;;;;;;;;;64;1;;;;392 446;;;;0;;;;;;;7;;;;;29;1;;;;;;;150;34;;;;;;;;;;299;;;;;33 022;;135;3 545;1;227 988;;;;;;;;;81 537;;791 618
Tanzania;;;;;;;;;;;3 153;;;;;;;;387;;;;;5;;;;;;;7 609;;;23 009;;21;;;;17;;;157;;;;;;;128;20;1 091;;;5;;;;;;;;;;295;654;;;;;1 546;;;244;;;;;;;;;;;41;24;;;;;411;;;975;;375;;;92 527;;;;;;;;;;89;;;;1;4;;;;13 491;;;;;;;;;13;;;;;;;18 675;;;;1 449;;;387;11;;;;855;;;;1;;;4;;53;234;;;;;6 037;;;;;;;;;;11;;;;;464;;;;;;;;1 227;662;;;;;;;;;;250;;;;71 833;;;34 347;8 856;;;;3;;;;;;;25 510;;317 160
Thailand;;;;;;;;;;;40 258;3 407;;4;;;;;4 899;;;;;13;;;;13 381;;;;142 767;;11 298;;68;0;;;60;;;;;;;;;;232;32;9 946;;;0;10;;;;;;;;;5 304;16 358;;;;;61 177;;;169;;;;;;0;;;;;77;1 354;;;;;1 009;;;5 273;;41 861;856;;;;;21 217;;;;916;;;;;;;1;249;838;;;;79 604;;;;;;;;64;;;;;;;;;;;11 000;;;6 737;2;;;;7 996;;;;9;;;4;150;39;90;;;;;;;;0;23 547;;;;;;38;;;;;1 852;;;;;;;;24 387;11 007;;;;;;;;;;165;;;;;;;31 224;202 971;1;;;9;;;;;;;27 193;;811 123
Timor-Leste;;;;;;;;;;;11 142;;;;;;;;;;;;;;;;;;;;;;;50;;0;0;;;;;;;;;;;;;0;2;;;;0;;;;;;;;;;;1;;;;;;;;;;;;;;0;;;;;;;;;;;;;;;;9;;;;;;;;;;;;;;;;;;;;;;;;;;;;;;;;;;;;;;;;;;12;;;30;;;;;1;;;;;;;;2 138;;3 160;;;;;;;;0;;;;;;;;;;;;;;;;;;;;1;;;;;;;;;;;1;;;;;;;;;;;;3;;;;;;;259;;16 810
Togo;;;;;;;;;;;105;;;;;;;;1 276;;51 302;;;3;;;;;;23 993;;;;1 455;;0;175;;;36;;;;;991;;56 527;;;0;15;139;;;18;3;;;;;;;;;24;21 722;;13 740;;;18 123;;;10;;;;;1 443;;;;;;6;;;;;;130;;;4 179;;18;;;;;;;;;;;;;;609;;;;42;;;;;;;950;;;197;;;3;;;;;;;;;;;1 100;;;7;;15 001;115 791;;95;;;;;;;1;;4;42;;;;;;;;;;;;;;;1;;;;;483;;;;;;;;302;575;;;;;;;;;;3;;;;;;;732;3 671;;;;;;;;;;;33 991;;369 035
Tonga;;;;1 310;;;;;;;9 460;;;;;;;;3;;;;;;;;;;;;;;;132;;0;0;;;505;;;;;;;;;;0;9;17;;;23;;;;;;;;;385;2;237;;;;;84;;;;;;;;;;;;;;1;0;;;;;;;;9;;120;;;;196;;;;;;;;;;;;;;;;;;;;;;;;;;;;;;;;;;;;;;16;;;22 445;0;;;;7;;;;0;;;3;;;10;;;;;;146;;0;;;;;;;;;;;;6;;;;;;;;28;10;;;;;;;;;;0;;;;;;;189;11 703;;;;;;;;;;;311;;47 369
Trinidad and Tobago;;;;;;;533;;;;1 682;;;296;;;2 276;;103;45;;;;18;;;;;;;;;;76 296;;429;0;;;17;;;;;;;;;;14;2;194;;243;149;63;;;;;;;;;26;331;;;;;707;;;9;;;;1;;0;588;17;3;;12;;;;;;418;;;66;;79;;;;;;;;;;;;;;;;;;10;;;;;;;;;;;;;40;;;;;;;;;;;506;90;;184;37;;;;416;;;;84;;1;4;;2;21;;;;;;;;0;;;;;;;1;;;;;321;;150;504;2 885;;;;302;242;;;;;;;;;;6;;;;;;;26 020;229 650;6;;;2 572;;2 327;;;;;965;6 504;358 468
Tunisia;;;;;;;;;;;631;2 748;;;724;;;;11 128;;;;;8;;;;;;;;;;8 620;;0;1;;;31;;;;;;;;;;33;159;977;;;14;20;;;;;;;;;515;302 363;;;;;37 049;;;356;;;;;;;;;1;;85;30;;;;213;249;;14 789;121 708;;336;2 137;;;;;;;;;;;;;;84 585;;1;283;;;;;;;;;;418;;;27;;;;;;;;;;;4 233;;;59;8;;;;902;;;;4;;;3;302;162;75;;;;;;;;;12 410;;;;;;70;;;;;2 721;;;;;310;;;3 609;6 411;;;;;;;;;;570;;;;;;;4 066;8 480;7;;;5;;;5 668;;;;11 420;;651 737
Turkey;;;;;;;;;3 679;;40 258;160 698;;17;;;;;94 554;;;;;18;3;;695;;98 148;;;;;25 122;;0;0;;;444;;;;;;;;;;541;224;40 153;;;108;30;;;;;;;;;4 519;299 547;;;;6 206;2 733 109;;;3 842;;;;19;;;;;5;;701;89;111;;1 570;588;1 224;;45 488;18 935;;2 393;8 443;37 728;;;;;;;4 849;;;;;;;982;22;347;;13 955;;;;;;;;;;;359;;;;;;;;;;;195 029;;;656;23;;;;12 232;;;;60;;4;28;;593;149;;;2 848;;;;;0;89 411;;;;;;215;;;;;3 181;;;;20;;;;40 590;65 704;;;;;;;;;;;;;;;;;71 816;107 284;299;;;88;;;;;;;21 833;;4 261 786
Turkmenistan;;;;;;;;51;1 543;;105;;;;;;;;;;;;;2;;;122;;;;;2;;262;;0;0;;;;;;;;12;;;;;11;47;7;;;0;10;;;;;;;;;34;251;;;;145;1 737;;;24;;;;;;;;;;;6;;;;570;;4;;18 061;70;;14;;845;;;;;;;;;2 405;;;;;;237;;;;;;;;;;;0;;;;;;;;;;;;;;21;;;13;;;;;45;;;;;;;;;47;8;;;;179 548;;;;0;;;;;;;7;;;;;25;0;;;;;;;139;25;;;;;;;;;;2 279;;;;;25 416;;132;1 153;;;;;;;;;;;25 516;;260 953
Turks and Caicos Islands;;;;;;;;;;;;;;;;;;;;;;;;;;;;;;;;;;;;;;;;;;;;;;;;;;;;;;;;;;;;;;;;;;;;;;;;;;;;;;;;;;;;;;;;;;;;;;;;;;;;;;;;;;;;;;;;;;;;;;;;;;;;;;;;;;;;;;;;;;;;;;;;;;;;;;;;;;;;;;;;;;;;;;;;;;;;;;;;;;;;;;;;;;;;;;;;;;;;;;;;;;;;;;;;;;;;;;;;
Tuvalu;;;;;;;;;;;;;;;;;;;;;;;;;;;;;;;;;;;;;;;;;;;;;;;;;;;;;;;;;;;;;;;;;;;;;;;;;;;;;;;;;;;;;;;;;;;;;;;;;;;;;;;;;;;;;;;;;;;;;;;;;;;;;;;;;;;;;;;;;;;;;;;;;;;;;;;;;;;;;;;;;;;;;;;;;;;;;;;;;;;;;;;;;;;;;;;;;;;;;;;;;;;;;;;;;;;;;;;;
Uganda;;;;;;;;;;;2 312;;;;;;;;369;1;;;;;;;;;;;;;;12 811;;6;9;;;3;;;;;;;;;;18;17;1 309;;;0;3;;;;;;;;;45;419;;;;;2 038;;;98;;;;;;;;;;;21;;742;;;;319;;;494;;464;;;531 218;;;;;;;;;;;;;;1;16;;;;;;;;;;;;;6;;;;;;;;;;;1 012;;;322;;;;;845;;;;;;;1;;46;83;;;;;20 737;;;;;;;;;;9;;;;;162;;;;;519;;;2 975;466;;;30 110;;;;;;;21;;;;;;;54 122;22 460;;;;3;;;;;927;;70 733;;758 294
Ukraine;;;;;;;;702;4 873;;16 292;4 276;10 234;;;;;141 266;1 973;;;;;191;50;;1 323;;;;;25;;69 218;;0;0;;;233;;182;;;174;;;;603;2 894;33 642;6 192;;;181;551;;;;;18 216;;;;1 463;15 152;;;;7 447;202 501;;;24 836;;;;;;;;;;;4 681;51;;;;;5 028;;248 699;172 571;;1 560;3 259;271 951;;;;;;;7 339;;33 090;;;;;;12 692;246;;;5;;;;;;;20;;;322;;189 906;;;;;;;;;1 598;;;1 260;99;;;;1 043;;;;190;;142;127;;332 950;15 435;;;13 890;3 647 234;;;;0;;;;;;;8 353;2 364;;;;88 279;3;;;;;;;3 392;2 017;;;;;;;;;;4 682;4 983;;;;;;24 979;332 155;135;;;139;;;;;;;523 587;;6 525 145
United Arab Emirates;;;;;;;0;;;;4 415;;;;651;;;;125;;;;;2;;;;;;;;;;11 484;;3;0;;;10;;;;;;;;;;133;31;296;;;0;7;;;;;;;;;62;535;;;;;1 152;;;16;;;;;;;;;;;111;;12 470;;;418;449;;;10;;24;1 720;;;;;;;;;;;;;;;;9;12;;;;;;;;;;118;;;30;;;;;;;;;;;448;;;814;;;;;157;;;;6;;;1;;89;14;;;;;;;;0;;;;;;;81;;;;;286;;;;;99;;;510;158;;;;;;;;;;50;;;;;;;7 161;9 197;;;;4;;;;;;;1 809;729;55 907
United Kingdom;;;;;1 265;;737;;;;1 207 837;8 869;;1 575;;;3 886;;25 549;359;;5 468;;630;;;4 059;4 040;;;;438;;674 746;;4 002;36;;;2 678;;1 001;;;;;;;;32 146;1 460;14 509;;500;867;2 956;;;;;;;;1 029;4 479;172 836;;;;538;154 826;;;14 107;;;;175;;;396;;64;;3 695;1 664;5 062;7 091;;947;397 465;;28 095;34 390;5 012;17 528;6 654;;;;;2 221;;;;;836;;;580;;37;156;3 788;;;194;;12 803;;;5 129;;;3 082;;3 964;;;1 548;;;;;;;;45 838;192;;268 085;57;;;;20 849;10 955;;;476;2 553;142;525;41 833;2 949;14 197;;;;;;53;;;31 999;;;;385;;1 124;311;141;;;411 074;412;279;2 149;748;561;;;19 664;28 481;;;2 864;8 550;;;;1 719;;21 225;;;;2 433;;;;701 093;441;;63;86;;;;;2 619;24 657;21 216;83 169;4 666 172
United States;;;;4 106;118;;1 946;;;1 268;81 672;9 633;;3 972;;;1 447;;15 506;2 385;;3 851;115;5 392;;;14 034;228;;;;933;;291 652;298;6 166;0;;;13 285;;15 140;;;63;;;1 033;522;2 808;2 219;11 210;;494;13 608;36 695;;5 180;;;;;;;4 077;44 919;;404;;1 593;159 326;;;5 096;;;20 338;6 446;542;0;863;7 792;4 214;;4 168;3 071;2 832;;;256;36 802;;;19 551;6 549;52 449;21 532;;;;;34 147;;;;;1 956;;;239;;;649;1 308;;;207;;;;;692;3;187;160;;509 251;996;;356;;;;;;;;23 280;1 337;;19 965;4 549;;;2 768;21 416;;;472;7 542;792;1 629;4 026;44 788;8 978;10 295;202 051;;1 450;;;694;;0;36 258;759;;;403;10 731;2 174;;222;;;38 712;159;1 002;1 118;579;405;350;;16 285;24 437;;;3 397;11 724;;459;;2 880;;15 213;;;;1 361;;;183 183;;1 257;;;9 125;;17 297;56 289;;1 174;;102 879;27 361;2 423 175
Uruguay;;;;;102;;;111 222;;;11 457;;;;;;;;477;;;;;706;;;24 892;;;;;;;7 724;;12;0;;;3 839;;349;;;;;;;;4;35;257;;;2 424;1 314;;;;;;;;;88;2 089;;;;;1 109;;;51;;;;109;;0;;;42;;64;;;;;;38;;;2 175;;135;;;;;;;;;;;;;;;;;12;36;;;;;;;;;;;;;1 960;;;;;;;;;;;621;;;325;;;;;228;;;;385;;3 039;287;48;11;190;;;;;;;;0;;;;;;;9;;;;;99 666;;;;;;;;2 812;1 203;;;;;;;;;;50;;;;;;;1 276;47 772;;;;4 237;;;;;;;18 753;;353 634
Uzbekistan;;;;;;;;287;2 163;;841;;;;;;;936;167;;;;;10;;;668;;;;;12;;3 038;;0;0;;;7;;;;;60;;;;;63;180;111;;;0;13;;;;;;;;;88;265;;;;765;9 753;;;1 172;;;;;;;;;;;27;;;;;;213;;101 519;1 532;;627;;184 266;;;;7 295;;;96 746;;22 872;;;;;;1 030;11;;;2;;;;;;;8;;;1;;;;;;;;;;;374;;;151;23;;;;96;;;;1;;;1;;402;27;;;;940 539;;;;0;;;;;;;50;;;;;299;1;;;;;;;494;122;;17 213;;;;;;;;8 861;87 813;;;;247 151;;698;21 083;3;;;;;;;;;;192 308;;1 954 460
Vanuatu;;;;;;;;;;;1 366;;;;;;;;11;;;;;;;;;;;;;;;25;;0;0;;;;;166;;;;;;;;0;5;5;;;0;;;;;;;;;40;;672;;;;;10;;;3;;;;;;;;;;;;0;;;;;2;;;3;;5;;;;;;;;;;;;;;;;;;1;;;;;;;;;;;;;;;;;;;;;;;;8;;689;345;0;;;;3;;;;3;;;;;3;;;;;;;33;;0;;;;;;;;;17;;;114;;;;;;;;;30;;;;;;;;;;3;;;;;;;179;116;;;;;;;;;;;32;;3 890
Venezuela, RB;;;;;;;31;;;5 077;2 102;;;22;;;;;827;10;;;;811;;;2 175;;;;;;;11 950;;44;0;;;7 432;;37 461;;;;;;;190;56;46;584;;;21 231;12 189;;;;;;;;;96;4 052;;;;;4 722;;;123;;;;217;;0;1 443;41;61;;120;;;;;;191;;;6 786;;321;;;;;;;;;;;;;;;;;2;117;;;;;;;;;;;;;4 117;;;;;;;;;;;3 060;1 754;;164;179;;;;364;;;;1 434;;134;1 071;;50;31 519;;;;;;;;0;;;;;;;23;;;;;164 239;;;39;;;;;640;2 261;;;;;;;;1 162;;45;;;;;;;5 293;171 891;638;;;;;;;;;;11 010;;521 620
Vietnam;;;;233;;;;;;;197 610;3 105;;;;;;;8 259;1;;;;5;;;;;;;;173 694;;186 457;;0;0;;;19;;;;;;;;;;56;14 788;11 286;;;81;66;;;;;;;;;4 100;98 821;;;;;132 916;;;310;;;;1;;0;;;;;1 834;583;588;;;;1 638;;;1 285;;37 285;;;;;;44 908;;;;8 167;;;;;;;37;391;;;77;;;;;;;;;;51;;;;;;;;;;;12 002;;867;5 332;34;;;;17 090;;;;15;;;3;748;2 492;30;;;;;;;;0;;;;;;;1 496;;;;;1 903;;;;;;;;14 024;9 284;;;;22 156;;;;;;36;;;;;;;24 979;1 160 309;2;;;9;;;;;;;24 940;;2 226 401
Virgin Islands (U.S.);;;;;;;553;;;;11;;;5;;;;;5;;;;;;;;;;;;;;;50;;0;0;;;;;;;;;;;;;0;0;;;;704;3;;;;;;;;;;5;;;;;;;;13;;;5;;;0;;;;;;;;;;;4;;;;;;;;;;;;;;;;;;;;;;;;;;;;;;;;;;;;;;;;;;;;;;;12;199;;4;;;;;4;;;;19;;;;;;0;;;;;;;;0;;;;;;;;;;;;;;312;575;;;;;;;;;;;;;;;;6;;;;;;;164;47 297;;;;;;;;;;;263;906;51 121
West Bank and Gaza;;;;;;;0;;;;3 153;447;;;245;;;;71;;;;;82;;;;;;;;;;7 099;;3;0;;;1 275;;;;;;;;;;319;77;643;;;280;135;65 460;;;;;;;;;873;;;;;;;;355;;;;;;;;;95;;37;;;;;4 895;;;;569;;40;873 009;;;;;;;;;;;;;;54 854;;;12;;;;;;;;;;256;;;;;;;;;;;;;;408;;;118;;;;;70;;;;164;;;;;;8;;;;;;;;0;122 608;;;;;;41;;;;;1 071;;;;2;2 778;;;1 828;349;1 541 297;;;;;;;;;828;;;;;;;3 289;;12;;;365;;;;17 336;;;310 282;;3 017 140
Yemen, Rep.;;;;;;;;;;;526;58;;;1 354;;;;35;;;;;;;;;;;;;;;1 275;;3;0;;;7;;;;;;;;;;16;111;185;845;;5;3;;;;;;;;;39;1 923;;;;;2 817;;;23;;;;;;;;;;;196;;;;;1 893;103;;53 515;278;;38;19 591;;;;;;;;;;;;;;;;1;;;;;;;;;;;12;;;3;;;;;;;;;;;357;;;89;17;;;;80;;;;;;;4;;149;4;;;;;;;;0;894 109;;;;;;82;;;;;48;;;;4;4 638;;;245;218;;;;;;;;;;77;;;;;;60 401;16 568;58 342;1;;;1;;;9 917;;;;4 482;;1 134 687
Zambia;;;;;;442;;;;;5 256;;;;;;;;291;;;;;5;;;;;;;;;;2 928;;15;;;;10;;;;;;;;;;121;20;478;;;9;7;;;;;;;;;120;319;;;;;594;;;30;;;;;;;;;;;4;;707;;;;1 278;;;286;;79;;;;;;;;;;;;;77;;;;1;12;;;;23 192;;;;;;;;;3;;;;;;;7 427;;12 573;;934;;;1 437;;;;;326;;;;3;;;6;93;39;159;;;;;;;;;;;;;;;4;;;;;308;;;;;;;;350;211;;;42 311;;;;;;;13;;;;;;;33 306;7 905;1;;;1;;;;;;28 274;13 940;;185 904
Zimbabwe;;;;;;;;;;;25 963;;;;;;;;424;8;;;;13;;;;;;;;;;7 590;;26;3;;;15;;;;;;;;;;269;21;350;;;5;7;;;;;;;;;39;399;;;;;866;;;88;;;;;;;;;;;32;;;;;;3 330;;;135;;82;;;;;;;;;;;;;94;;;;1;33;;;;15 845;;;;;;;;;6;;;;;;;49 280;;;;1 202;;;8 916;;;;;250;;;;6;;;8;50;27;1 906;;;;;;;;;;;;;;;12;;;;858 993;391;;;16;;;;;388;586;;;2 512;;;;;;;12;;;;;;;115 530;20 820;;;;4;;;;;22 832;;114 968;;1 254 353
Other South;;42;;734;45;8 127;1 158;76 185;6 145;11 025;33 003;41 913;155 844;431;0;10 261;2 788;6 898;34 343;935;39 473;0;622;372;256;;5 342;1 488;9 097;31 201;4 741;1 286;36 221;87 524;1 108;25;4;46 964;;5 356;;4 082;1 457;;2 882;76 000;41 084;103 432;1 571;1 210;1 037;4 055;21 360;1 221;2 859;42 442;35 722;966;2 352;;9 736;82 885;0;2 184;23 347;43 496;0;22 376;12 511;3 871;554 727;;;0;;;1 965;349;5 959;1 737;1 466;6 566;487;432 331;63 287;563;98 181;35 620;20 741;5 026;1 664;;191 280;72 787;1 334;102;15 388;7 602;34 917;494;;20 418;;525 918;10 346;7 087;4 087;;2 631;4 478;112 652;103;422;1 283;19 841;15 138;813;52 523;52 478;;156;194;203;1 433;3 306;;546;0;25 109;0;2 121;;;48 314;11 434;20 778;46 543;42 518;3 350;26 995;18 135;177;25 286;216 377;1 701;9 823;0;;1 065;2 716;112;901;334;88 698;17 435;298;0;177 509;16 772;470 568;15 814;389;0;222;0;17 912;;;1 846;87 269;102;22 402;402;;0;537;750;787;320;416;14 174;1 874;9 564;61 293;85 894;664 550;14 896;16 895;135 415;1 176;22 722;573;4 441;7 245;72 712;16 544;;;26 723;325 202;0;83 642;1 979 751;278;345 819;12;19 922;;8 839;287 683;188 391;24 673;36 807;551 283;93 354;10 122 315
Other North;;531;;147;1 462;4 869;363;29 423;90;760;47 283;36 491;0;145;0;0;1 581;1 968;42 371;86;397;5 761;4;66;17 574;;12 456;107;0;0;0;23;2 131;70 824;227;16;0;0;;1 672;;1 806;66;;277;0;0;8 214;1 698;1 043;3 867;2 733;0;2 418;643;13 539;6 052;201;698;;239;0;51;1 446;25 655;27 869;8 848;10 231;0;163;418 551;;;0;;;1 216;83;68;91;491;2 909;157;13 826;20 743;1 708;788;3 284;0;6 249;5 255;;25 158;8 169;14 487;52;717;550;0;362;;2 901;;0;155;0;145;;0;99;0;765;39;10 413;1 590;0;498;0;3 745;;3;4 231;1 234;60;1 443;;2 590;1 672;0;5 826;106;;;10 187;0;0;129;20 578;1 837;1 441;21 139;40;0;1 402;308;8 845;0;;469;528;2 286;68;248;122 550;5 287;125;121 911;0;3 174;7 051;87;466;263;54;0;1 866;;;14;680;411;6 903;136;;0;176;5;798;1 664;1 051;49;1 120;0;57 081;206 733;0;0;362;12 702;23;1 134;36;1 144;1 788;53 636;0;;;194;0;0;59 799;525 399;234;0;144;5 317;;6 566;369 303;0;641;2 948;;35 137;2 644 677
TOTAL;90 883;89 106;242 324;28 370;55 847;65 387;20 928;1 449 293;324 184;34 268;5 522 408;1 310 218;263 940;33 406;315 403;1 085 345;28 080;1 090 378;1 465 677;46 807;232 036;19 942;40 246;145 817;27 780;114 838;688 026;148 123;107 245;1 043 035;60 770;335 829;196 570;7 202 340;12 053;35 684;80 492;388 251;74 790;320 397;685 775;110 297;13 525;444 672;143 203;489 201;2 406 713;699 947;15 259;154 253;453 041;483 714;114 147;5 501;434 343;393 641;244 714;40 324;7 447;16 484;182 464;547 984;3 262;18 533;225 646;6 684 842;34 803;284 127;290 104;167 269;10 758 061;1 851 814;;1 132 794;5 823;12 597;78 887;59 457;394 557;19 244;11 599;34 966;24 344;2 741 800;368 076;37 223;5 436 012;122 908;2 128 685;83 380;898 630;43 947;2 940 494;4 463 413;29 962;2 176 219;2 972 983;3 079 491;817 747;1 978;37 121;534 817;;2 097 527;222 731;18 916;335 022;758 167;6 328;96 310;682 482;12 538;128 855;173 232;299 692;129 701;37 762;275 851;2 357 603;3 280;162 677;15 456;1 709;99 229;42 917;71 735;725 684;2 668;408 319;23 572;10 022;42 509;49 098;450 020;88 695;138 870;945 865;1 752 869;53 032;59 767;962 072;40 130;202 163;1 127 668;54 798;485 444;826 074;4 233 592;5 776;121 003;24 546;161 306;37 625;435 423;827 453;918 626;323 962;1 305 428;132 757;12 270 388;465 480;8 976;11 683;5 253;7 288 900;210 061;525 388;10 838;106 776;1 966 865;130 682;163 894;6 971;22 843;1 862 889;6 900 547;339 915;5 046;10 180;8 611;753 447;39 474;40 418;1 306 020;1 762 797;2 205 847;284 291;659 202;1 157 263;13 836;185 402;848;34 348;33 591;1 410 947;207 700;;;646 548;5 257 527;3 293 264;6 955 738;42 813 281;79 896;1 175 935;814;1 007 380;69 307;61 798;1 923 808;517 926;233 140;372 258;;;215 763 573
;;;;;;;;;;;;;;;;;;;;;;;;;;;;;;;;;;;;;;;;;;;;;;;;;;;;;;;;;;;;;;;;;;;;;;;;;;;;;;;;;;;;;;;;;;;;;;;;;;;;;;;;;;;;;;;;;;;;;;;;;;;;;;;;;;;;;;;;;;;;;;;;;;;;;;;;;;;;;;;;;;;;;;;;;;;;;;;;;;;;;;;;;;;;;;;;;;;;;;;;;;;;;;;;;;;;;;;;
Notes on data:;;;;;;;;;;;;;;;;;;;;;;;;;;;;;;;;;;;;;;;;;;;;;;;;;;;;;;;;;;;;;;;;;;;;;;;;;;;;;;;;;;;;;;;;;;;;;;;;;;;;;;;;;;;;;;;;;;;;;;;;;;;;;;;;;;;;;;;;;;;;;;;;;;;;;;;;;;;;;;;;;;;;;;;;;;;;;;;;;;;;;;;;;;;;;;;;;;;;;;;;;;;;;;;;;;;;;;;;
The data in this file are World Bank staff estimates based on UN Population Division, OECD, the Australian Bureau Statistics, the German Federal Statistical Office, the UK Office of National Statistics, and the US Census Bureau. See World Bank Migration and Remittances Factbook 2016 for definitions, data sources, and 2013 estimates. The data on migrants in various destination countries are based on the aforementioned sources, which are by nature updated infrequently and may not appropriately capture sudden changes in migrant stock.   Please include attribution for the data you use as follows: World Bank staff estimates, Bilateral Migration Matrix 2010. The information provided may not be used commercially, published or redistributed without the prior written consent of KNOMAD/World Bank. KNOMAD/World Bank does not guarantee the accuracy of the data provided. The User assumes the entire risk associated with its use of these data. KNOMAD/World Bank shall not be held liable for any use or misuse of the data described and/or contained herein. ;;;;;;;;;;;;;;;;;;;;;;;;;;;;;;;;;;;;;;;;;;;;;;;;;;;;;;;;;;;;;;;;;;;;;;;;;;;;;;;;;;;;;;;;;;;;;;;;;;;;;;;;;;;;;;;;;;;;;;;;;;;;;;;;;;;;;;;;;;;;;;;;;;;;;;;;;;;;;;;;;;;;;;;;;;;;;;;;;;;;;;;;;;;;;;;;;;;;;;;;;;;;;;;;;;;;;;;;
